Workbook

Sheet Overview
A1: The Second Spark: card list
A2: Numbers follow the physical game (read from the Tabletop Simulator sheets). Names, wording and art are original to The Second Spark.
A4: Deck | B4: Cards | C4: Where it is used
A5: Cemetery cadavers | B5: =COUNTIF(Cadavers!B:B,"Cemetery") -> 14 | C5: Cemetery (hidden, draw 3)
A6: Morgue cadavers | B6: =COUNTIF(Cadavers!B:B,"Morgue") -> 14 | C6: Morgue (hidden, draw 2)
A7: Hospital cadavers | B7: =COUNTIF(Cadavers!B:B,"Hospital") -> 14 | C7: Hospital (2 face up), Hospital Thief
A8: Public Square cadavers | B8: =COUNTIF(Cadavers!B:B,"Public Square") -> 10 | C8: Public Square after executions
A9: Scoundrels | B9: =COUNTA(Scoundrels!A:A)-2 -> 16 | C9: Docks (3 face up)
A10: Research | B10: =COUNTA(Research!A:A)-2 -> 16 | C10: Academy (3 face up)
A11: Humanity | B11: =COUNTA(Humanity!A:A)-2 -> 16 | C11: Saint-Roch (3 face up)
A12: Events | B12: =COUNTA(Events!A:A)-2 -> 19 | C12: Event phase
A13: Encounters | B13: =COUNTA(Encounters!A:A)-2 -> 15 | C13: Event phase (4 per game)
A14: Characters | B14: =COUNTA(Characters!A:A)-2 -> 6 | C14: Title screen
A15: Total cards | B15: =SUM(B5:B14) -> 140
A17: Every card sheet ends with a ready-to-paste Prompt, a Negative prompt, the Aspect and the File name. Prompts are built from the Style sheet: edit a style there and all prompts update.

Sheet Style
A1: Prompt building blocks (prompts on every sheet = subject + style + format)
A2: Style: standard | B2: Dark hand-drawn coloured-pencil illustration on black-toned paper. Visible pencil strokes and cross-hatching, waxy layered colour, soft grain of the paper showing through. Gothic 1819 Paris, Mary Shelley mood. Low-key candlelit lighting: a single warm light source (candle, lantern or lamp) carving figures out of near-black shadow. Muted palette of soot black, bruised plum, oxblood red, tarnished brass and bone white, with one small accent of cold galvanic blue where electricity or life appears. Subtle vignette fading to black at the edges. Melancholic, unsettling, quietly beautiful rather than gory: wounds and death are suggested with restraint, never graphic. Hand-made imperfections, no digital gloss.
A3: Style: cadavers (visceral) | B3: Dark hand-drawn coloured-pencil illustration on black-toned paper. Visible pencil strokes and dense cross-hatching, waxy layered colour, soft grain of the paper showing through. Gothic 1819 Paris anatomical horror, Mary Shelley mood. Even darker than daylight allows: the body emerges from deep black, lit hard from one side by a single lantern. Visceral and unflinching: decaying flesh built up in waxy layers of grey-green, livid purple, jaundiced yellow and clotted oxblood; raw wounds, torn stitches, split skin, exposed bone and sinew where the body is broken; flies and grave dirt where it fits. Rendered with the cold precision of an anatomist's study, not cartoon splatter. No blue anywhere: these bodies have no spark of life. Hand-made imperfections, no digital gloss.
A4: Negative: standard | B4: text, letters, words, captions, logos, watermark, signature, card frame, border, UI, photorealistic, 3D render, CGI, glossy, airbrushed, smooth digital painting, anime, cartoon, chibi, bright saturated colours, daylight, white background, gore, exposed organs in detail, modern clothing, modern objects
A5: Negative: cadavers | B5: text, letters, words, captions, logos, watermark, signature, card frame, border, UI, photorealistic, 3D render, CGI, glossy, airbrushed, smooth digital painting, anime, cartoon, comic-book gore, paint-splatter blood, bright saturated red, daylight, white background, modern clothing, modern objects, blue light, living expression, open smiling eyes
A6: Format: portrait | B6: Format: 2:3 portrait, head and shoulders, centred, lower 20% dark and simple.
A7: Format: cadaver | B7: Format: 2:3 portrait, the body seen from above as it lies, head and upper torso, centred, lower 20% dark and simple.
A8: Format: wide | B8: Format: 16:9 landscape, wide establishing view of the place at night, small figures at most.
A9: Format: object | B9: Format: 4:3 landscape, one clear object or moment in close-up, simple dark background.

Sheet Cadavers
A1: Numbers follow the physical game (read from the Tabletop Simulator sheets). Names, wording and art are original to The Second Spark.
A2: Card | B2: Deck | C2: Stage | D2: Muscle | E2: Organ | F2: Blood | G2: Bone | H2: Total materials | I2: Expertise option | J2: Humanity cost | K2: Extra francs | L2: Notes | M2: Illustration subject | N2: Prompt (ready to paste) | O2: Negative prompt | P2: Aspect | Q2: File name
A3: Cemetery 01 | B3: Cemetery | C3: IV | D3: 0 | E3: 3 | F3: 0 | G3: 3 | H3: =SUM(D3:G3) -> 6 | I3: 1 | J3: 0 | M3: An elderly washerwoman in a collapsed pine coffin, sunken eye sockets, grave dirt in her grey hair, freshly dug up by lantern light, grave dirt and roots around, months in the ground, flesh shrunken and blackened, skin parchment-thin and torn, teeth bared | N3: =M3&". "&Style!$B$3&" "&Style!$B$7 -> An elderly washerwoman in a collapsed pine coffin, sunken eye sockets, grave dirt in her grey hair, freshly dug up by lantern light, grave dirt and roots around, months in the ground, flesh shrunken and blackened, skin parchment-thin and torn, teeth bared. Dark hand-drawn coloured-pencil illustration on black-toned paper. Visible pencil strokes and dense cross-hatching, waxy layered colour, soft grain of the paper showing through. Gothic 1819 Paris anatomical horror, Mary Shelley mood. Even darker than daylight allows: the body emerges from deep black, lit hard from one side by a single lantern. Visceral and unflinching: decaying flesh built up in waxy layers of grey-green, livid purple, jaundiced yellow and clotted oxblood; raw wounds, torn stitches, split skin, exposed bone and sinew where the body is broken; flies and grave dirt where it fits. Rendered with the cold precision of an anatomist's study, not cartoon splatter. No blue anywhere: these bodies have no spark of life. Hand-made imperfections, no digital gloss. Format: 2:3 portrait, the body seen from above as it lies, head and upper torso, centred, lower 20% dark and simple. | O3: =Style!$B$5 -> text, letters, words, captions, logos, watermark, signature, card frame, border, UI, photorealistic, 3D render, CGI, glossy, airbrushed, smooth digital painting, anime, cartoon, comic-book gore, paint-splatter blood, bright saturated red, daylight, white background, modern clothing, modern objects, blue light, living expression, open smiling eyes | P3: 2:3 | Q3: cemetery-01.png
A4: Cemetery 02 | B4: Cemetery | C4: IV | D4: 2 | E4: 2 | F4: 0 | G4: 3 | H4: =SUM(D4:G4) -> 7 | I4: 1 | J4: 0 | M4: A middle-aged stonemason, jaw slack and fallen open, burial shirt stained black with fluids, freshly dug up by lantern light, grave dirt and roots around, months in the ground, flesh shrunken and blackened, skin parchment-thin and torn, teeth bared | N4: =M4&". "&Style!$B$3&" "&Style!$B$7 -> A middle-aged stonemason, jaw slack and fallen open, burial shirt stained black with fluids, freshly dug up by lantern light, grave dirt and roots around, months in the ground, flesh shrunken and blackened, skin parchment-thin and torn, teeth bared. Dark hand-drawn coloured-pencil illustration on black-toned paper. Visible pencil strokes and dense cross-hatching, waxy layered colour, soft grain of the paper showing through. Gothic 1819 Paris anatomical horror, Mary Shelley mood. Even darker than daylight allows: the body emerges from deep black, lit hard from one side by a single lantern. Visceral and unflinching: decaying flesh built up in waxy layers of grey-green, livid purple, jaundiced yellow and clotted oxblood; raw wounds, torn stitches, split skin, exposed bone and sinew where the body is broken; flies and grave dirt where it fits. Rendered with the cold precision of an anatomist's study, not cartoon splatter. No blue anywhere: these bodies have no spark of life. Hand-made imperfections, no digital gloss. Format: 2:3 portrait, the body seen from above as it lies, head and upper torso, centred, lower 20% dark and simple. | O4: =Style!$B$5 -> text, letters, words, captions, logos, watermark, signature, card frame, border, UI, photorealistic, 3D render, CGI, glossy, airbrushed, smooth digital painting, anime, cartoon, comic-book gore, paint-splatter blood, bright saturated red, daylight, white background, modern clothing, modern objects, blue light, living expression, open smiling eyes | P4: 2:3 | Q4: cemetery-02.png
A5: Cemetery 03 | B5: Cemetery | C5: IV | D5: 2 | E5: 2 | F5: 0 | G5: 2 | H5: =SUM(D5:G5) -> 6 | I5: 1 | J5: 0 | M5: A young conscript of the Grande Armée in a rotting uniform, a sabre scar across his cheek split wide, freshly dug up by lantern light, grave dirt and roots around, months in the ground, flesh shrunken and blackened, skin parchment-thin and torn, teeth bared | N5: =M5&". "&Style!$B$3&" "&Style!$B$7 -> A young conscript of the Grande Armée in a rotting uniform, a sabre scar across his cheek split wide, freshly dug up by lantern light, grave dirt and roots around, months in the ground, flesh shrunken and blackened, skin parchment-thin and torn, teeth bared. Dark hand-drawn coloured-pencil illustration on black-toned paper. Visible pencil strokes and dense cross-hatching, waxy layered colour, soft grain of the paper showing through. Gothic 1819 Paris anatomical horror, Mary Shelley mood. Even darker than daylight allows: the body emerges from deep black, lit hard from one side by a single lantern. Visceral and unflinching: decaying flesh built up in waxy layers of grey-green, livid purple, jaundiced yellow and clotted oxblood; raw wounds, torn stitches, split skin, exposed bone and sinew where the body is broken; flies and grave dirt where it fits. Rendered with the cold precision of an anatomist's study, not cartoon splatter. No blue anywhere: these bodies have no spark of life. Hand-made imperfections, no digital gloss. Format: 2:3 portrait, the body seen from above as it lies, head and upper torso, centred, lower 20% dark and simple. | O5: =Style!$B$5 -> text, letters, words, captions, logos, watermark, signature, card frame, border, UI, photorealistic, 3D render, CGI, glossy, airbrushed, smooth digital painting, anime, cartoon, comic-book gore, paint-splatter blood, bright saturated red, daylight, white background, modern clothing, modern objects, blue light, living expression, open smiling eyes | P5: 2:3 | Q5: cemetery-03.png
A6: Cemetery 04 | B6: Cemetery | C6: IV | D6: 2 | E6: 1 | F6: 0 | G6: 3 | H6: =SUM(D6:G6) -> 6 | I6: 1 | J6: 0 | M6: A stout innkeeper in a burst burial suit, belly collapsed, beetles in the folds of cloth, freshly dug up by lantern light, grave dirt and roots around, months in the ground, flesh shrunken and blackened, skin parchment-thin and torn, teeth bared | N6: =M6&". "&Style!$B$3&" "&Style!$B$7 -> A stout innkeeper in a burst burial suit, belly collapsed, beetles in the folds of cloth, freshly dug up by lantern light, grave dirt and roots around, months in the ground, flesh shrunken and blackened, skin parchment-thin and torn, teeth bared. Dark hand-drawn coloured-pencil illustration on black-toned paper. Visible pencil strokes and dense cross-hatching, waxy layered colour, soft grain of the paper showing through. Gothic 1819 Paris anatomical horror, Mary Shelley mood. Even darker than daylight allows: the body emerges from deep black, lit hard from one side by a single lantern. Visceral and unflinching: decaying flesh built up in waxy layers of grey-green, livid purple, jaundiced yellow and clotted oxblood; raw wounds, torn stitches, split skin, exposed bone and sinew where the body is broken; flies and grave dirt where it fits. Rendered with the cold precision of an anatomist's study, not cartoon splatter. No blue anywhere: these bodies have no spark of life. Hand-made imperfections, no digital gloss. Format: 2:3 portrait, the body seen from above as it lies, head and upper torso, centred, lower 20% dark and simple. | O6: =Style!$B$5 -> text, letters, words, captions, logos, watermark, signature, card frame, border, UI, photorealistic, 3D render, CGI, glossy, airbrushed, smooth digital painting, anime, cartoon, comic-book gore, paint-splatter blood, bright saturated red, daylight, white background, modern clothing, modern objects, blue light, living expression, open smiling eyes | P6: 2:3 | Q6: cemetery-04.png
A7: Cemetery 05 | B7: Cemetery | C7: bones | D7: 0 | E7: 0 | F7: 0 | G7: 5 | H7: =SUM(D7:G7) -> 5 | I7: 0 | J7: 0 | L7: Bones only | M7: A jumble of brown bones and a cracked skull in a collapsed coffin, roots growing through the ribs, a few strands of hair and rags of skin still clinging | N7: =M7&". "&Style!$B$3&" "&Style!$B$7 -> A jumble of brown bones and a cracked skull in a collapsed coffin, roots growing through the ribs, a few strands of hair and rags of skin still clinging. Dark hand-drawn coloured-pencil illustration on black-toned paper. Visible pencil strokes and dense cross-hatching, waxy layered colour, soft grain of the paper showing through. Gothic 1819 Paris anatomical horror, Mary Shelley mood. Even darker than daylight allows: the body emerges from deep black, lit hard from one side by a single lantern. Visceral and unflinching: decaying flesh built up in waxy layers of grey-green, livid purple, jaundiced yellow and clotted oxblood; raw wounds, torn stitches, split skin, exposed bone and sinew where the body is broken; flies and grave dirt where it fits. Rendered with the cold precision of an anatomist's study, not cartoon splatter. No blue anywhere: these bodies have no spark of life. Hand-made imperfections, no digital gloss. Format: 2:3 portrait, the body seen from above as it lies, head and upper torso, centred, lower 20% dark and simple. | O7: =Style!$B$5 -> text, letters, words, captions, logos, watermark, signature, card frame, border, UI, photorealistic, 3D render, CGI, glossy, airbrushed, smooth digital painting, anime, cartoon, comic-book gore, paint-splatter blood, bright saturated red, daylight, white background, modern clothing, modern objects, blue light, living expression, open smiling eyes | P7: 2:3 | Q7: cemetery-05.png
A8: Cemetery 06 | B8: Cemetery | C8: bones | D8: 0 | E8: 0 | F8: 0 | G8: 5 | H8: =SUM(D8:G8) -> 5 | I8: 0 | J8: 0 | L8: Bones only | M8: A skeleton still wrapped in a rotted shroud, finger bones clutching a tarnished rosary, a few strands of hair and rags of skin still clinging | N8: =M8&". "&Style!$B$3&" "&Style!$B$7 -> A skeleton still wrapped in a rotted shroud, finger bones clutching a tarnished rosary, a few strands of hair and rags of skin still clinging. Dark hand-drawn coloured-pencil illustration on black-toned paper. Visible pencil strokes and dense cross-hatching, waxy layered colour, soft grain of the paper showing through. Gothic 1819 Paris anatomical horror, Mary Shelley mood. Even darker than daylight allows: the body emerges from deep black, lit hard from one side by a single lantern. Visceral and unflinching: decaying flesh built up in waxy layers of grey-green, livid purple, jaundiced yellow and clotted oxblood; raw wounds, torn stitches, split skin, exposed bone and sinew where the body is broken; flies and grave dirt where it fits. Rendered with the cold precision of an anatomist's study, not cartoon splatter. No blue anywhere: these bodies have no spark of life. Hand-made imperfections, no digital gloss. Format: 2:3 portrait, the body seen from above as it lies, head and upper torso, centred, lower 20% dark and simple. | O8: =Style!$B$5 -> text, letters, words, captions, logos, watermark, signature, card frame, border, UI, photorealistic, 3D render, CGI, glossy, airbrushed, smooth digital painting, anime, cartoon, comic-book gore, paint-splatter blood, bright saturated red, daylight, white background, modern clothing, modern objects, blue light, living expression, open smiling eyes | P8: 2:3 | Q8: cemetery-06.png
A9: Cemetery 07 | B9: Cemetery | C9: bones | D9: 0 | E9: 0 | F9: 0 | G9: 4 | H9: =SUM(D9:G9) -> 4 | I9: 0 | J9: 0 | L9: Bones only | M9: A pile of femurs, ribs and vertebrae dumped beside an open grave, soil clinging to them, a few strands of hair and rags of skin still clinging | N9: =M9&". "&Style!$B$3&" "&Style!$B$7 -> A pile of femurs, ribs and vertebrae dumped beside an open grave, soil clinging to them, a few strands of hair and rags of skin still clinging. Dark hand-drawn coloured-pencil illustration on black-toned paper. Visible pencil strokes and dense cross-hatching, waxy layered colour, soft grain of the paper showing through. Gothic 1819 Paris anatomical horror, Mary Shelley mood. Even darker than daylight allows: the body emerges from deep black, lit hard from one side by a single lantern. Visceral and unflinching: decaying flesh built up in waxy layers of grey-green, livid purple, jaundiced yellow and clotted oxblood; raw wounds, torn stitches, split skin, exposed bone and sinew where the body is broken; flies and grave dirt where it fits. Rendered with the cold precision of an anatomist's study, not cartoon splatter. No blue anywhere: these bodies have no spark of life. Hand-made imperfections, no digital gloss. Format: 2:3 portrait, the body seen from above as it lies, head and upper torso, centred, lower 20% dark and simple. | O9: =Style!$B$5 -> text, letters, words, captions, logos, watermark, signature, card frame, border, UI, photorealistic, 3D render, CGI, glossy, airbrushed, smooth digital painting, anime, cartoon, comic-book gore, paint-splatter blood, bright saturated red, daylight, white background, modern clothing, modern objects, blue light, living expression, open smiling eyes | P9: 2:3 | Q9: cemetery-07.png
A10: Cemetery 08 | B10: Cemetery | C10: bones | D10: 0 | E10: 0 | F10: 0 | G10: 4 | H10: =SUM(D10:G10) -> 4 | I10: 0 | J10: 0 | L10: Bones only | M10: A skull and long bones in a broken lead-lined coffin, a corroded name plate beside them, a few strands of hair and rags of skin still clinging | N10: =M10&". "&Style!$B$3&" "&Style!$B$7 -> A skull and long bones in a broken lead-lined coffin, a corroded name plate beside them, a few strands of hair and rags of skin still clinging. Dark hand-drawn coloured-pencil illustration on black-toned paper. Visible pencil strokes and dense cross-hatching, waxy layered colour, soft grain of the paper showing through. Gothic 1819 Paris anatomical horror, Mary Shelley mood. Even darker than daylight allows: the body emerges from deep black, lit hard from one side by a single lantern. Visceral and unflinching: decaying flesh built up in waxy layers of grey-green, livid purple, jaundiced yellow and clotted oxblood; raw wounds, torn stitches, split skin, exposed bone and sinew where the body is broken; flies and grave dirt where it fits. Rendered with the cold precision of an anatomist's study, not cartoon splatter. No blue anywhere: these bodies have no spark of life. Hand-made imperfections, no digital gloss. Format: 2:3 portrait, the body seen from above as it lies, head and upper torso, centred, lower 20% dark and simple. | O10: =Style!$B$5 -> text, letters, words, captions, logos, watermark, signature, card frame, border, UI, photorealistic, 3D render, CGI, glossy, airbrushed, smooth digital painting, anime, cartoon, comic-book gore, paint-splatter blood, bright saturated red, daylight, white background, modern clothing, modern objects, blue light, living expression, open smiling eyes | P10: 2:3 | Q10: cemetery-08.png
A11: Cemetery 09 | B11: Cemetery | C11: III | D11: 3 | E11: 4 | F11: 0 | G11: 3 | H11: =SUM(D11:G11) -> 10 | I11: 1 | J11: 1 | M11: A woman in her thirties, a dried rose still pinned in her hair, cheeks swollen and split, freshly dug up by lantern light, grave dirt and roots around, dead a week, bloated, marbled green veins under the skin, skin slipping at the edges | N11: =M11&". "&Style!$B$3&" "&Style!$B$7 -> A woman in her thirties, a dried rose still pinned in her hair, cheeks swollen and split, freshly dug up by lantern light, grave dirt and roots around, dead a week, bloated, marbled green veins under the skin, skin slipping at the edges. Dark hand-drawn coloured-pencil illustration on black-toned paper. Visible pencil strokes and dense cross-hatching, waxy layered colour, soft grain of the paper showing through. Gothic 1819 Paris anatomical horror, Mary Shelley mood. Even darker than daylight allows: the body emerges from deep black, lit hard from one side by a single lantern. Visceral and unflinching: decaying flesh built up in waxy layers of grey-green, livid purple, jaundiced yellow and clotted oxblood; raw wounds, torn stitches, split skin, exposed bone and sinew where the body is broken; flies and grave dirt where it fits. Rendered with the cold precision of an anatomist's study, not cartoon splatter. No blue anywhere: these bodies have no spark of life. Hand-made imperfections, no digital gloss. Format: 2:3 portrait, the body seen from above as it lies, head and upper torso, centred, lower 20% dark and simple. | O11: =Style!$B$5 -> text, letters, words, captions, logos, watermark, signature, card frame, border, UI, photorealistic, 3D render, CGI, glossy, airbrushed, smooth digital painting, anime, cartoon, comic-book gore, paint-splatter blood, bright saturated red, daylight, white background, modern clothing, modern objects, blue light, living expression, open smiling eyes | P11: 2:3 | Q11: cemetery-09.png
A12: Cemetery 10 | B12: Cemetery | C12: III | D12: 3 | E12: 4 | F12: 0 | G12: 2 | H12: =SUM(D12:G12) -> 9 | I12: 1 | J12: 1 | M12: A grey-bearded Seine sailor, tattooed forearm gone purple-black, cheeks torn, freshly dug up by lantern light, grave dirt and roots around, dead a week, bloated, marbled green veins under the skin, skin slipping at the edges | N12: =M12&". "&Style!$B$3&" "&Style!$B$7 -> A grey-bearded Seine sailor, tattooed forearm gone purple-black, cheeks torn, freshly dug up by lantern light, grave dirt and roots around, dead a week, bloated, marbled green veins under the skin, skin slipping at the edges. Dark hand-drawn coloured-pencil illustration on black-toned paper. Visible pencil strokes and dense cross-hatching, waxy layered colour, soft grain of the paper showing through. Gothic 1819 Paris anatomical horror, Mary Shelley mood. Even darker than daylight allows: the body emerges from deep black, lit hard from one side by a single lantern. Visceral and unflinching: decaying flesh built up in waxy layers of grey-green, livid purple, jaundiced yellow and clotted oxblood; raw wounds, torn stitches, split skin, exposed bone and sinew where the body is broken; flies and grave dirt where it fits. Rendered with the cold precision of an anatomist's study, not cartoon splatter. No blue anywhere: these bodies have no spark of life. Hand-made imperfections, no digital gloss. Format: 2:3 portrait, the body seen from above as it lies, head and upper torso, centred, lower 20% dark and simple. | O12: =Style!$B$5 -> text, letters, words, captions, logos, watermark, signature, card frame, border, UI, photorealistic, 3D render, CGI, glossy, airbrushed, smooth digital painting, anime, cartoon, comic-book gore, paint-splatter blood, bright saturated red, daylight, white background, modern clothing, modern objects, blue light, living expression, open smiling eyes | P12: 2:3 | Q12: cemetery-10.png
A13: Cemetery 11 | B13: Cemetery | C13: III | D13: 3 | E13: 3 | F13: 0 | G13: 2 | H13: =SUM(D13:G13) -> 8 | I13: 1 | J13: 1 | M13: A young man with a rope burn around his neck, face swollen dark, tongue thick between his teeth, freshly dug up by lantern light, grave dirt and roots around, dead a week, bloated, marbled green veins under the skin, skin slipping at the edges | N13: =M13&". "&Style!$B$3&" "&Style!$B$7 -> A young man with a rope burn around his neck, face swollen dark, tongue thick between his teeth, freshly dug up by lantern light, grave dirt and roots around, dead a week, bloated, marbled green veins under the skin, skin slipping at the edges. Dark hand-drawn coloured-pencil illustration on black-toned paper. Visible pencil strokes and dense cross-hatching, waxy layered colour, soft grain of the paper showing through. Gothic 1819 Paris anatomical horror, Mary Shelley mood. Even darker than daylight allows: the body emerges from deep black, lit hard from one side by a single lantern. Visceral and unflinching: decaying flesh built up in waxy layers of grey-green, livid purple, jaundiced yellow and clotted oxblood; raw wounds, torn stitches, split skin, exposed bone and sinew where the body is broken; flies and grave dirt where it fits. Rendered with the cold precision of an anatomist's study, not cartoon splatter. No blue anywhere: these bodies have no spark of life. Hand-made imperfections, no digital gloss. Format: 2:3 portrait, the body seen from above as it lies, head and upper torso, centred, lower 20% dark and simple. | O13: =Style!$B$5 -> text, letters, words, captions, logos, watermark, signature, card frame, border, UI, photorealistic, 3D render, CGI, glossy, airbrushed, smooth digital painting, anime, cartoon, comic-book gore, paint-splatter blood, bright saturated red, daylight, white background, modern clothing, modern objects, blue light, living expression, open smiling eyes | P13: 2:3 | Q13: cemetery-11.png
A14: Cemetery 12 | B14: Cemetery | C14: III | D14: 2 | E14: 3 | F14: 0 | G14: 3 | H14: =SUM(D14:G14) -> 8 | I14: 1 | J14: 1 | M14: A seamstress with needle-scarred fingers, skin waxy and torn at the lips, hair matted with soil, freshly dug up by lantern light, grave dirt and roots around, dead a week, bloated, marbled green veins under the skin, skin slipping at the edges | N14: =M14&". "&Style!$B$3&" "&Style!$B$7 -> A seamstress with needle-scarred fingers, skin waxy and torn at the lips, hair matted with soil, freshly dug up by lantern light, grave dirt and roots around, dead a week, bloated, marbled green veins under the skin, skin slipping at the edges. Dark hand-drawn coloured-pencil illustration on black-toned paper. Visible pencil strokes and dense cross-hatching, waxy layered colour, soft grain of the paper showing through. Gothic 1819 Paris anatomical horror, Mary Shelley mood. Even darker than daylight allows: the body emerges from deep black, lit hard from one side by a single lantern. Visceral and unflinching: decaying flesh built up in waxy layers of grey-green, livid purple, jaundiced yellow and clotted oxblood; raw wounds, torn stitches, split skin, exposed bone and sinew where the body is broken; flies and grave dirt where it fits. Rendered with the cold precision of an anatomist's study, not cartoon splatter. No blue anywhere: these bodies have no spark of life. Hand-made imperfections, no digital gloss. Format: 2:3 portrait, the body seen from above as it lies, head and upper torso, centred, lower 20% dark and simple. | O14: =Style!$B$5 -> text, letters, words, captions, logos, watermark, signature, card frame, border, UI, photorealistic, 3D render, CGI, glossy, airbrushed, smooth digital painting, anime, cartoon, comic-book gore, paint-splatter blood, bright saturated red, daylight, white background, modern clothing, modern objects, blue light, living expression, open smiling eyes | P14: 2:3 | Q14: cemetery-12.png
A15: Cemetery 13 | B15: Cemetery | C15: III | D15: 1 | E15: 2 | F15: 0 | G15: 3 | H15: =SUM(D15:G15) -> 6 | I15: 1 | J15: 0 | M15: A gaunt old priest in a mouldering cassock, flesh shrinking back from the fingernails, freshly dug up by lantern light, grave dirt and roots around, dead a week, bloated, marbled green veins under the skin, skin slipping at the edges | N15: =M15&". "&Style!$B$3&" "&Style!$B$7 -> A gaunt old priest in a mouldering cassock, flesh shrinking back from the fingernails, freshly dug up by lantern light, grave dirt and roots around, dead a week, bloated, marbled green veins under the skin, skin slipping at the edges. Dark hand-drawn coloured-pencil illustration on black-toned paper. Visible pencil strokes and dense cross-hatching, waxy layered colour, soft grain of the paper showing through. Gothic 1819 Paris anatomical horror, Mary Shelley mood. Even darker than daylight allows: the body emerges from deep black, lit hard from one side by a single lantern. Visceral and unflinching: decaying flesh built up in waxy layers of grey-green, livid purple, jaundiced yellow and clotted oxblood; raw wounds, torn stitches, split skin, exposed bone and sinew where the body is broken; flies and grave dirt where it fits. Rendered with the cold precision of an anatomist's study, not cartoon splatter. No blue anywhere: these bodies have no spark of life. Hand-made imperfections, no digital gloss. Format: 2:3 portrait, the body seen from above as it lies, head and upper torso, centred, lower 20% dark and simple. | O15: =Style!$B$5 -> text, letters, words, captions, logos, watermark, signature, card frame, border, UI, photorealistic, 3D render, CGI, glossy, airbrushed, smooth digital painting, anime, cartoon, comic-book gore, paint-splatter blood, bright saturated red, daylight, white background, modern clothing, modern objects, blue light, living expression, open smiling eyes | P15: 2:3 | Q15: cemetery-13.png
A16: Cemetery 14 | B16: Cemetery | C16: IV | D16: 3 | E16: 4 | F16: 0 | G16: 2 | H16: =SUM(D16:G16) -> 9 | I16: 1 | J16: 0 | M16: A corpulent merchant in rotted burial silk, body burst and leaking, rings sunk into swollen fingers, freshly dug up by lantern light, grave dirt and roots around, months in the ground, flesh shrunken and blackened, skin parchment-thin and torn, teeth bared | N16: =M16&". "&Style!$B$3&" "&Style!$B$7 -> A corpulent merchant in rotted burial silk, body burst and leaking, rings sunk into swollen fingers, freshly dug up by lantern light, grave dirt and roots around, months in the ground, flesh shrunken and blackened, skin parchment-thin and torn, teeth bared. Dark hand-drawn coloured-pencil illustration on black-toned paper. Visible pencil strokes and dense cross-hatching, waxy layered colour, soft grain of the paper showing through. Gothic 1819 Paris anatomical horror, Mary Shelley mood. Even darker than daylight allows: the body emerges from deep black, lit hard from one side by a single lantern. Visceral and unflinching: decaying flesh built up in waxy layers of grey-green, livid purple, jaundiced yellow and clotted oxblood; raw wounds, torn stitches, split skin, exposed bone and sinew where the body is broken; flies and grave dirt where it fits. Rendered with the cold precision of an anatomist's study, not cartoon splatter. No blue anywhere: these bodies have no spark of life. Hand-made imperfections, no digital gloss. Format: 2:3 portrait, the body seen from above as it lies, head and upper torso, centred, lower 20% dark and simple. | O16: =Style!$B$5 -> text, letters, words, captions, logos, watermark, signature, card frame, border, UI, photorealistic, 3D render, CGI, glossy, airbrushed, smooth digital painting, anime, cartoon, comic-book gore, paint-splatter blood, bright saturated red, daylight, white background, modern clothing, modern objects, blue light, living expression, open smiling eyes | P16: 2:3 | Q16: cemetery-14.png
A17: Hospital 01 | B17: Hospital | C17: II | D17: 2 | E17: 3 | F17: 1 | G17: 2 | H17: =SUM(D17:G17) -> 8 | I17: 1 | J17: 0 | M17: An old woman with a fever-ravaged face, a blood-soaked bandage around her throat, eye swollen shut, lying on a stained hospital pillow under coarse linen, dead a day or two, lividity pooling purple, lips greying | N17: =M17&". "&Style!$B$3&" "&Style!$B$7 -> An old woman with a fever-ravaged face, a blood-soaked bandage around her throat, eye swollen shut, lying on a stained hospital pillow under coarse linen, dead a day or two, lividity pooling purple, lips greying. Dark hand-drawn coloured-pencil illustration on black-toned paper. Visible pencil strokes and dense cross-hatching, waxy layered colour, soft grain of the paper showing through. Gothic 1819 Paris anatomical horror, Mary Shelley mood. Even darker than daylight allows: the body emerges from deep black, lit hard from one side by a single lantern. Visceral and unflinching: decaying flesh built up in waxy layers of grey-green, livid purple, jaundiced yellow and clotted oxblood; raw wounds, torn stitches, split skin, exposed bone and sinew where the body is broken; flies and grave dirt where it fits. Rendered with the cold precision of an anatomist's study, not cartoon splatter. No blue anywhere: these bodies have no spark of life. Hand-made imperfections, no digital gloss. Format: 2:3 portrait, the body seen from above as it lies, head and upper torso, centred, lower 20% dark and simple. | O17: =Style!$B$5 -> text, letters, words, captions, logos, watermark, signature, card frame, border, UI, photorealistic, 3D render, CGI, glossy, airbrushed, smooth digital painting, anime, cartoon, comic-book gore, paint-splatter blood, bright saturated red, daylight, white background, modern clothing, modern objects, blue light, living expression, open smiling eyes | P17: 2:3 | Q17: hospital-01.png
A18: Hospital 02 | B18: Hospital | C18: II | D18: 3 | E18: 2 | F18: 1 | G18: 2 | H18: =SUM(D18:G18) -> 8 | I18: 1 | J18: 0 | M18: A moustached porter with a surgical saw wound across his shoulder, sutures torn open, lying on a stained hospital pillow under coarse linen, dead a day or two, lividity pooling purple, lips greying | N18: =M18&". "&Style!$B$3&" "&Style!$B$7 -> A moustached porter with a surgical saw wound across his shoulder, sutures torn open, lying on a stained hospital pillow under coarse linen, dead a day or two, lividity pooling purple, lips greying. Dark hand-drawn coloured-pencil illustration on black-toned paper. Visible pencil strokes and dense cross-hatching, waxy layered colour, soft grain of the paper showing through. Gothic 1819 Paris anatomical horror, Mary Shelley mood. Even darker than daylight allows: the body emerges from deep black, lit hard from one side by a single lantern. Visceral and unflinching: decaying flesh built up in waxy layers of grey-green, livid purple, jaundiced yellow and clotted oxblood; raw wounds, torn stitches, split skin, exposed bone and sinew where the body is broken; flies and grave dirt where it fits. Rendered with the cold precision of an anatomist's study, not cartoon splatter. No blue anywhere: these bodies have no spark of life. Hand-made imperfections, no digital gloss. Format: 2:3 portrait, the body seen from above as it lies, head and upper torso, centred, lower 20% dark and simple. | O18: =Style!$B$5 -> text, letters, words, captions, logos, watermark, signature, card frame, border, UI, photorealistic, 3D render, CGI, glossy, airbrushed, smooth digital painting, anime, cartoon, comic-book gore, paint-splatter blood, bright saturated red, daylight, white background, modern clothing, modern objects, blue light, living expression, open smiling eyes | P18: 2:3 | Q18: hospital-02.png
A19: Hospital 03 | B19: Hospital | C19: II | D19: 2 | E19: 2 | F19: 1 | G19: 3 | H19: =SUM(D19:G19) -> 8 | I19: 1 | J19: 0 | M19: A young clerk with a bullet wound at the temple, a crust of blood down his cheek, lying on a stained hospital pillow under coarse linen, dead a day or two, lividity pooling purple, lips greying | N19: =M19&". "&Style!$B$3&" "&Style!$B$7 -> A young clerk with a bullet wound at the temple, a crust of blood down his cheek, lying on a stained hospital pillow under coarse linen, dead a day or two, lividity pooling purple, lips greying. Dark hand-drawn coloured-pencil illustration on black-toned paper. Visible pencil strokes and dense cross-hatching, waxy layered colour, soft grain of the paper showing through. Gothic 1819 Paris anatomical horror, Mary Shelley mood. Even darker than daylight allows: the body emerges from deep black, lit hard from one side by a single lantern. Visceral and unflinching: decaying flesh built up in waxy layers of grey-green, livid purple, jaundiced yellow and clotted oxblood; raw wounds, torn stitches, split skin, exposed bone and sinew where the body is broken; flies and grave dirt where it fits. Rendered with the cold precision of an anatomist's study, not cartoon splatter. No blue anywhere: these bodies have no spark of life. Hand-made imperfections, no digital gloss. Format: 2:3 portrait, the body seen from above as it lies, head and upper torso, centred, lower 20% dark and simple. | O19: =Style!$B$5 -> text, letters, words, captions, logos, watermark, signature, card frame, border, UI, photorealistic, 3D render, CGI, glossy, airbrushed, smooth digital painting, anime, cartoon, comic-book gore, paint-splatter blood, bright saturated red, daylight, white background, modern clothing, modern objects, blue light, living expression, open smiling eyes | P19: 2:3 | Q19: hospital-03.png
A20: Hospital 04 | B20: Hospital | C20: II | D20: 1 | E20: 2 | F20: 1 | G20: 1 | H20: =SUM(D20:G20) -> 5 | I20: 1 | J20: 0 | M20: A young woman dead of cholera, skin blue-grey and drawn tight, eyes sunken, lying on a stained hospital pillow under coarse linen, dead a day or two, lividity pooling purple, lips greying | N20: =M20&". "&Style!$B$3&" "&Style!$B$7 -> A young woman dead of cholera, skin blue-grey and drawn tight, eyes sunken, lying on a stained hospital pillow under coarse linen, dead a day or two, lividity pooling purple, lips greying. Dark hand-drawn coloured-pencil illustration on black-toned paper. Visible pencil strokes and dense cross-hatching, waxy layered colour, soft grain of the paper showing through. Gothic 1819 Paris anatomical horror, Mary Shelley mood. Even darker than daylight allows: the body emerges from deep black, lit hard from one side by a single lantern. Visceral and unflinching: decaying flesh built up in waxy layers of grey-green, livid purple, jaundiced yellow and clotted oxblood; raw wounds, torn stitches, split skin, exposed bone and sinew where the body is broken; flies and grave dirt where it fits. Rendered with the cold precision of an anatomist's study, not cartoon splatter. No blue anywhere: these bodies have no spark of life. Hand-made imperfections, no digital gloss. Format: 2:3 portrait, the body seen from above as it lies, head and upper torso, centred, lower 20% dark and simple. | O20: =Style!$B$5 -> text, letters, words, captions, logos, watermark, signature, card frame, border, UI, photorealistic, 3D render, CGI, glossy, airbrushed, smooth digital painting, anime, cartoon, comic-book gore, paint-splatter blood, bright saturated red, daylight, white background, modern clothing, modern objects, blue light, living expression, open smiling eyes | P20: 2:3 | Q20: hospital-04.png
A21: Hospital 05 | B21: Hospital | C21: I | D21: 2 | E21: 3 | F21: 1 | G21: 3 | H21: =SUM(D21:G21) -> 9 | I21: 2 | J21: 0 | M21: A bald old man with a sunken chest, bruised black where the surgeon’s ribs-spreader went in, lying on a stained hospital pillow under coarse linen, freshly dead, skin still waxy-pale, blood barely dry | N21: =M21&". "&Style!$B$3&" "&Style!$B$7 -> A bald old man with a sunken chest, bruised black where the surgeon’s ribs-spreader went in, lying on a stained hospital pillow under coarse linen, freshly dead, skin still waxy-pale, blood barely dry. Dark hand-drawn coloured-pencil illustration on black-toned paper. Visible pencil strokes and dense cross-hatching, waxy layered colour, soft grain of the paper showing through. Gothic 1819 Paris anatomical horror, Mary Shelley mood. Even darker than daylight allows: the body emerges from deep black, lit hard from one side by a single lantern. Visceral and unflinching: decaying flesh built up in waxy layers of grey-green, livid purple, jaundiced yellow and clotted oxblood; raw wounds, torn stitches, split skin, exposed bone and sinew where the body is broken; flies and grave dirt where it fits. Rendered with the cold precision of an anatomist's study, not cartoon splatter. No blue anywhere: these bodies have no spark of life. Hand-made imperfections, no digital gloss. Format: 2:3 portrait, the body seen from above as it lies, head and upper torso, centred, lower 20% dark and simple. | O21: =Style!$B$5 -> text, letters, words, captions, logos, watermark, signature, card frame, border, UI, photorealistic, 3D render, CGI, glossy, airbrushed, smooth digital painting, anime, cartoon, comic-book gore, paint-splatter blood, bright saturated red, daylight, white background, modern clothing, modern objects, blue light, living expression, open smiling eyes | P21: 2:3 | Q21: hospital-05.png
A22: Hospital 06 | B22: Hospital | C22: I | D22: 3 | E22: 2 | F22: 1 | G22: 3 | H22: =SUM(D22:G22) -> 9 | I22: 2 | J22: 0 | M22: A coal porter with a crushed chest, broken ribs pushing against bloodied linen, lying on a stained hospital pillow under coarse linen, freshly dead, skin still waxy-pale, blood barely dry | N22: =M22&". "&Style!$B$3&" "&Style!$B$7 -> A coal porter with a crushed chest, broken ribs pushing against bloodied linen, lying on a stained hospital pillow under coarse linen, freshly dead, skin still waxy-pale, blood barely dry. Dark hand-drawn coloured-pencil illustration on black-toned paper. Visible pencil strokes and dense cross-hatching, waxy layered colour, soft grain of the paper showing through. Gothic 1819 Paris anatomical horror, Mary Shelley mood. Even darker than daylight allows: the body emerges from deep black, lit hard from one side by a single lantern. Visceral and unflinching: decaying flesh built up in waxy layers of grey-green, livid purple, jaundiced yellow and clotted oxblood; raw wounds, torn stitches, split skin, exposed bone and sinew where the body is broken; flies and grave dirt where it fits. Rendered with the cold precision of an anatomist's study, not cartoon splatter. No blue anywhere: these bodies have no spark of life. Hand-made imperfections, no digital gloss. Format: 2:3 portrait, the body seen from above as it lies, head and upper torso, centred, lower 20% dark and simple. | O22: =Style!$B$5 -> text, letters, words, captions, logos, watermark, signature, card frame, border, UI, photorealistic, 3D render, CGI, glossy, airbrushed, smooth digital painting, anime, cartoon, comic-book gore, paint-splatter blood, bright saturated red, daylight, white background, modern clothing, modern objects, blue light, living expression, open smiling eyes | P22: 2:3 | Q22: hospital-06.png
... A53: Public Square 09 | B53: Public Square | C53: I | D53: 4 | E53: 4 | F53: 3 | G53: 2 | H53: =SUM(D53:G53) -> 13 | I53: 2 | J53: 0 | M53: An executed street thief, very young, the cut neck glistening in the lantern light, dumped on wet cobblestones beside the scaffold, straw soaked dark, freshly dead, skin still waxy-pale, blood barely dry | N53: =M53&". "&Style!$B$3&" "&Style!$B$7 -> An executed street thief, very young, the cut neck glistening in the lantern light, dumped on wet cobblestones beside the scaffold, straw soaked dark, freshly dead, skin still waxy-pale, blood barely dry. Dark hand-drawn coloured-pencil illustration on black-toned paper. Visible pencil strokes and dense cross-hatching, waxy layered colour, soft grain of the paper showing through. Gothic 1819 Paris anatomical horror, Mary Shelley mood. Even darker than daylight allows: the body emerges from deep black, lit hard from one side by a single lantern. Visceral and unflinching: decaying flesh built up in waxy layers of grey-green, livid purple, jaundiced yellow and clotted oxblood; raw wounds, torn stitches, split skin, exposed bone and sinew where the body is broken; flies and grave dirt where it fits. Rendered with the cold precision of an anatomist's study, not cartoon splatter. No blue anywhere: these bodies have no spark of life. Hand-made imperfections, no digital gloss. Format: 2:3 portrait, the body seen from above as it lies, head and upper torso, centred, lower 20% dark and simple. | O53: =Style!$B$5 -> text, letters, words, captions, logos, watermark, signature, card frame, border, UI, photorealistic, 3D render, CGI, glossy, airbrushed, smooth digital painting, anime, cartoon, comic-book gore, paint-splatter blood, bright saturated red, daylight, white background, modern clothing, modern objects, blue light, living expression, open smiling eyes | P53: 2:3 | Q53: square-09.png
A54: Public Square 10 | B54: Public Square | C54: I | D54: 4 | E54: 4 | F54: 4 | G54: 4 | H54: =SUM(D54:G54) -> 16 | I54: 3 | J54: 0 | K54: 1 | L54: Big Gustave, the butcher of Rungis | M54: Big Gustave the butcher of Rungis, executed, an enormous man with a vast slack face, the blade wound across a thick neck, dumped on wet cobblestones beside the scaffold, straw soaked dark, freshly dead, skin still waxy-pale, blood barely dry | N54: =M54&". "&Style!$B$3&" "&Style!$B$7 -> Big Gustave the butcher of Rungis, executed, an enormous man with a vast slack face, the blade wound across a thick neck, dumped on wet cobblestones beside the scaffold, straw soaked dark, freshly dead, skin still waxy-pale, blood barely dry. Dark hand-drawn coloured-pencil illustration on black-toned paper. Visible pencil strokes and dense cross-hatching, waxy layered colour, soft grain of the paper showing through. Gothic 1819 Paris anatomical horror, Mary Shelley mood. Even darker than daylight allows: the body emerges from deep black, lit hard from one side by a single lantern. Visceral and unflinching: decaying flesh built up in waxy layers of grey-green, livid purple, jaundiced yellow and clotted oxblood; raw wounds, torn stitches, split skin, exposed bone and sinew where the body is broken; flies and grave dirt where it fits. Rendered with the cold precision of an anatomist's study, not cartoon splatter. No blue anywhere: these bodies have no spark of life. Hand-made imperfections, no digital gloss. Format: 2:3 portrait, the body seen from above as it lies, head and upper torso, centred, lower 20% dark and simple. | O54: =Style!$B$5 -> text, letters, words, captions, logos, watermark, signature, card frame, border, UI, photorealistic, 3D render, CGI, glossy, airbrushed, smooth digital painting, anime, cartoon, comic-book gore, paint-splatter blood, bright saturated red, daylight, white background, modern clothing, modern objects, blue light, living expression, open smiling eyes | P54: 2:3 | Q54: square-10.png

Sheet Scoundrels
A1: Numbers follow the physical game (read from the Tabletop Simulator sheets). Names, wording and art are original to The Second Spark.
A2: Card | B2: Name | C2: Cost (f) | D2: Humanity cost | E2: Materials option | F2: Expertise option | G2: Humanity option | H2: Illustration subject | I2: Prompt (ready to paste) | J2: Negative prompt | K2: Aspect | L2: File name
A3: Scoundrel 01 | B3: Hospital Thief | C3: 2 | D3: 1 | E3: Draw 2 Hospital bodies and resolve | H3: A hulking hospital porter with a black beard carrying a sheet-wrapped corpse over his shoulder | I3: =H3&". "&Style!$B$2&" "&Style!$B$6 -> A hulking hospital porter with a black beard carrying a sheet-wrapped corpse over his shoulder. Dark hand-drawn coloured-pencil illustration on black-toned paper. Visible pencil strokes and cross-hatching, waxy layered colour, soft grain of the paper showing through. Gothic 1819 Paris, Mary Shelley mood. Low-key candlelit lighting: a single warm light source (candle, lantern or lamp) carving figures out of near-black shadow. Muted palette of soot black, bruised plum, oxblood red, tarnished brass and bone white, with one small accent of cold galvanic blue where electricity or life appears. Subtle vignette fading to black at the edges. Melancholic, unsettling, quietly beautiful rather than gory: wounds and death are suggested with restraint, never graphic. Hand-made imperfections, no digital gloss. Format: 2:3 portrait, head and shoulders, centred, lower 20% dark and simple. | J3: =Style!$B$4 -> text, letters, words, captions, logos, watermark, signature, card frame, border, UI, photorealistic, 3D render, CGI, glossy, airbrushed, smooth digital painting, anime, cartoon, chibi, bright saturated colours, daylight, white background, gore, exposed organs in detail, modern clothing, modern objects | K3: 2:3 | L3: scoundrel-01.png
A4: Scoundrel 02 | B4: Hospital Thief | C4: 2 | D4: 1 | E4: Draw 2 Hospital bodies and resolve | H4: A hard-faced nurse in a stained apron and cap, a covered trolley behind her | I4: =H4&". "&Style!$B$2&" "&Style!$B$6 -> A hard-faced nurse in a stained apron and cap, a covered trolley behind her. Dark hand-drawn coloured-pencil illustration on black-toned paper. Visible pencil strokes and cross-hatching, waxy layered colour, soft grain of the paper showing through. Gothic 1819 Paris, Mary Shelley mood. Low-key candlelit lighting: a single warm light source (candle, lantern or lamp) carving figures out of near-black shadow. Muted palette of soot black, bruised plum, oxblood red, tarnished brass and bone white, with one small accent of cold galvanic blue where electricity or life appears. Subtle vignette fading to black at the edges. Melancholic, unsettling, quietly beautiful rather than gory: wounds and death are suggested with restraint, never graphic. Hand-made imperfections, no digital gloss. Format: 2:3 portrait, head and shoulders, centred, lower 20% dark and simple. | J4: =Style!$B$4 -> text, letters, words, captions, logos, watermark, signature, card frame, border, UI, photorealistic, 3D render, CGI, glossy, airbrushed, smooth digital painting, anime, cartoon, chibi, bright saturated colours, daylight, white background, gore, exposed organs in detail, modern clothing, modern objects | K4: 2:3 | L4: scoundrel-02.png
A5: Scoundrel 03 | B5: Hospital Thief | C5: 1 | D5: 1 | E5: Draw 1 Hospital body and resolve | H5: A sly hospital orderly with a ring of keys, a sheet-covered trolley behind him | I5: =H5&". "&Style!$B$2&" "&Style!$B$6 -> A sly hospital orderly with a ring of keys, a sheet-covered trolley behind him. Dark hand-drawn coloured-pencil illustration on black-toned paper. Visible pencil strokes and cross-hatching, waxy layered colour, soft grain of the paper showing through. Gothic 1819 Paris, Mary Shelley mood. Low-key candlelit lighting: a single warm light source (candle, lantern or lamp) carving figures out of near-black shadow. Muted palette of soot black, bruised plum, oxblood red, tarnished brass and bone white, with one small accent of cold galvanic blue where electricity or life appears. Subtle vignette fading to black at the edges. Melancholic, unsettling, quietly beautiful rather than gory: wounds and death are suggested with restraint, never graphic. Hand-made imperfections, no digital gloss. Format: 2:3 portrait, head and shoulders, centred, lower 20% dark and simple. | J5: =Style!$B$4 -> text, letters, words, captions, logos, watermark, signature, card frame, border, UI, photorealistic, 3D render, CGI, glossy, airbrushed, smooth digital painting, anime, cartoon, chibi, bright saturated colours, daylight, white background, gore, exposed organs in detail, modern clothing, modern objects | K5: 2:3 | L5: scoundrel-03.png
A6: Scoundrel 04 | B6: Hospital Thief | C6: 1 | D6: 1 | E6: Draw 1 Hospital body and resolve | H6: A pale girl with bloody sleeves pushing a trolley under a dirty sheet | I6: =H6&". "&Style!$B$2&" "&Style!$B$6 -> A pale girl with bloody sleeves pushing a trolley under a dirty sheet. Dark hand-drawn coloured-pencil illustration on black-toned paper. Visible pencil strokes and cross-hatching, waxy layered colour, soft grain of the paper showing through. Gothic 1819 Paris, Mary Shelley mood. Low-key candlelit lighting: a single warm light source (candle, lantern or lamp) carving figures out of near-black shadow. Muted palette of soot black, bruised plum, oxblood red, tarnished brass and bone white, with one small accent of cold galvanic blue where electricity or life appears. Subtle vignette fading to black at the edges. Melancholic, unsettling, quietly beautiful rather than gory: wounds and death are suggested with restraint, never graphic. Hand-made imperfections, no digital gloss. Format: 2:3 portrait, head and shoulders, centred, lower 20% dark and simple. | J6: =Style!$B$4 -> text, letters, words, captions, logos, watermark, signature, card frame, border, UI, photorealistic, 3D render, CGI, glossy, airbrushed, smooth digital painting, anime, cartoon, chibi, bright saturated colours, daylight, white background, gore, exposed organs in detail, modern clothing, modern objects | K6: 2:3 | L6: scoundrel-04.png
A7: Scoundrel 05 | B7: Dog Catcher | C7: 2 | D7: 1 | E7: 8 animal (I) | F7: +3 (-1 humanity) | G7: +5 | H7: A dog catcher in a ragged hat and coat with a long net pole, a cage of strays behind | I7: =H7&". "&Style!$B$2&" "&Style!$B$6 -> A dog catcher in a ragged hat and coat with a long net pole, a cage of strays behind. Dark hand-drawn coloured-pencil illustration on black-toned paper. Visible pencil strokes and cross-hatching, waxy layered colour, soft grain of the paper showing through. Gothic 1819 Paris, Mary Shelley mood. Low-key candlelit lighting: a single warm light source (candle, lantern or lamp) carving figures out of near-black shadow. Muted palette of soot black, bruised plum, oxblood red, tarnished brass and bone white, with one small accent of cold galvanic blue where electricity or life appears. Subtle vignette fading to black at the edges. Melancholic, unsettling, quietly beautiful rather than gory: wounds and death are suggested with restraint, never graphic. Hand-made imperfections, no digital gloss. Format: 2:3 portrait, head and shoulders, centred, lower 20% dark and simple. | J7: =Style!$B$4 -> text, letters, words, captions, logos, watermark, signature, card frame, border, UI, photorealistic, 3D render, CGI, glossy, airbrushed, smooth digital painting, anime, cartoon, chibi, bright saturated colours, daylight, white background, gore, exposed organs in detail, modern clothing, modern objects | K7: 2:3 | L7: scoundrel-05.png
A8: Scoundrel 06 | B8: Dog Catcher | C8: 1 | E8: 5 animal (I) | F8: +2 (-1 humanity) | G8: +3 | H8: A heavy old dog catcher with a coil of rope and a muzzle pole, his cart behind him | I8: =H8&". "&Style!$B$2&" "&Style!$B$6 -> A heavy old dog catcher with a coil of rope and a muzzle pole, his cart behind him. Dark hand-drawn coloured-pencil illustration on black-toned paper. Visible pencil strokes and cross-hatching, waxy layered colour, soft grain of the paper showing through. Gothic 1819 Paris, Mary Shelley mood. Low-key candlelit lighting: a single warm light source (candle, lantern or lamp) carving figures out of near-black shadow. Muted palette of soot black, bruised plum, oxblood red, tarnished brass and bone white, with one small accent of cold galvanic blue where electricity or life appears. Subtle vignette fading to black at the edges. Melancholic, unsettling, quietly beautiful rather than gory: wounds and death are suggested with restraint, never graphic. Hand-made imperfections, no digital gloss. Format: 2:3 portrait, head and shoulders, centred, lower 20% dark and simple. | J8: =Style!$B$4 -> text, letters, words, captions, logos, watermark, signature, card frame, border, UI, photorealistic, 3D render, CGI, glossy, airbrushed, smooth digital painting, anime, cartoon, chibi, bright saturated colours, daylight, white background, gore, exposed organs in detail, modern clothing, modern objects | K8: 2:3 | L8: scoundrel-06.png
A9: Scoundrel 07 | B9: Dog Catcher | C9: 1 | E9: 4 animal (I) | F9: +2 (-1 humanity) | G9: +3 | H9: A sharp-faced young woman with a black fringe holding a muzzle pole | I9: =H9&". "&Style!$B$2&" "&Style!$B$6 -> A sharp-faced young woman with a black fringe holding a muzzle pole. Dark hand-drawn coloured-pencil illustration on black-toned paper. Visible pencil strokes and cross-hatching, waxy layered colour, soft grain of the paper showing through. Gothic 1819 Paris, Mary Shelley mood. Low-key candlelit lighting: a single warm light source (candle, lantern or lamp) carving figures out of near-black shadow. Muted palette of soot black, bruised plum, oxblood red, tarnished brass and bone white, with one small accent of cold galvanic blue where electricity or life appears. Subtle vignette fading to black at the edges. Melancholic, unsettling, quietly beautiful rather than gory: wounds and death are suggested with restraint, never graphic. Hand-made imperfections, no digital gloss. Format: 2:3 portrait, head and shoulders, centred, lower 20% dark and simple. | J9: =Style!$B$4 -> text, letters, words, captions, logos, watermark, signature, card frame, border, UI, photorealistic, 3D render, CGI, glossy, airbrushed, smooth digital painting, anime, cartoon, chibi, bright saturated colours, daylight, white background, gore, exposed organs in detail, modern clothing, modern objects | K9: 2:3 | L9: scoundrel-07.png
A10: Scoundrel 08 | B10: Dog Catcher | C10: 1 | E10: 4 animal (I) | F10: +2 (-1 humanity) | G10: +3 | H10: A boy in a feathered hat and green coat with a snare noose | I10: =H10&". "&Style!$B$2&" "&Style!$B$6 -> A boy in a feathered hat and green coat with a snare noose. Dark hand-drawn coloured-pencil illustration on black-toned paper. Visible pencil strokes and cross-hatching, waxy layered colour, soft grain of the paper showing through. Gothic 1819 Paris, Mary Shelley mood. Low-key candlelit lighting: a single warm light source (candle, lantern or lamp) carving figures out of near-black shadow. Muted palette of soot black, bruised plum, oxblood red, tarnished brass and bone white, with one small accent of cold galvanic blue where electricity or life appears. Subtle vignette fading to black at the edges. Melancholic, unsettling, quietly beautiful rather than gory: wounds and death are suggested with restraint, never graphic. Hand-made imperfections, no digital gloss. Format: 2:3 portrait, head and shoulders, centred, lower 20% dark and simple. | J10: =Style!$B$4 -> text, letters, words, captions, logos, watermark, signature, card frame, border, UI, photorealistic, 3D render, CGI, glossy, airbrushed, smooth digital painting, anime, cartoon, chibi, bright saturated colours, daylight, white background, gore, exposed organs in detail, modern clothing, modern objects | K10: 2:3 | L10: scoundrel-08.png
A11: Scoundrel 09 | B11: Cutthroat | C11: 2 | D11: 1 | E11: 4 muscle (I), 4 organ (I), 4 blood (I), 3 bone | F11: +2 | H11: A smiling gentleman in a dark coat, a thin knife glinting in his gloved hand | I11: =H11&". "&Style!$B$2&" "&Style!$B$6 -> A smiling gentleman in a dark coat, a thin knife glinting in his gloved hand. Dark hand-drawn coloured-pencil illustration on black-toned paper. Visible pencil strokes and cross-hatching, waxy layered colour, soft grain of the paper showing through. Gothic 1819 Paris, Mary Shelley mood. Low-key candlelit lighting: a single warm light source (candle, lantern or lamp) carving figures out of near-black shadow. Muted palette of soot black, bruised plum, oxblood red, tarnished brass and bone white, with one small accent of cold galvanic blue where electricity or life appears. Subtle vignette fading to black at the edges. Melancholic, unsettling, quietly beautiful rather than gory: wounds and death are suggested with restraint, never graphic. Hand-made imperfections, no digital gloss. Format: 2:3 portrait, head and shoulders, centred, lower 20% dark and simple. | J11: =Style!$B$4 -> text, letters, words, captions, logos, watermark, signature, card frame, border, UI, photorealistic, 3D render, CGI, glossy, airbrushed, smooth digital painting, anime, cartoon, chibi, bright saturated colours, daylight, white background, gore, exposed organs in detail, modern clothing, modern objects | K11: 2:3 | L11: scoundrel-09.png
A12: Scoundrel 10 | B12: Cutthroat | C12: 1 | D12: 2 | E12: 3 muscle (I), 3 organ (I), 3 blood (I), 3 bone | F12: +2 | H12: A hooded woman in a burgundy cloak, blade hidden in the folds | I12: =H12&". "&Style!$B$2&" "&Style!$B$6 -> A hooded woman in a burgundy cloak, blade hidden in the folds. Dark hand-drawn coloured-pencil illustration on black-toned paper. Visible pencil strokes and cross-hatching, waxy layered colour, soft grain of the paper showing through. Gothic 1819 Paris, Mary Shelley mood. Low-key candlelit lighting: a single warm light source (candle, lantern or lamp) carving figures out of near-black shadow. Muted palette of soot black, bruised plum, oxblood red, tarnished brass and bone white, with one small accent of cold galvanic blue where electricity or life appears. Subtle vignette fading to black at the edges. Melancholic, unsettling, quietly beautiful rather than gory: wounds and death are suggested with restraint, never graphic. Hand-made imperfections, no digital gloss. Format: 2:3 portrait, head and shoulders, centred, lower 20% dark and simple. | J12: =Style!$B$4 -> text, letters, words, captions, logos, watermark, signature, card frame, border, UI, photorealistic, 3D render, CGI, glossy, airbrushed, smooth digital painting, anime, cartoon, chibi, bright saturated colours, daylight, white background, gore, exposed organs in detail, modern clothing, modern objects | K12: 2:3 | L12: scoundrel-10.png
A13: Scoundrel 11 | B13: Cutthroat | C13: 1 | D13: 1 | E13: 4 muscle (I), 3 organ (I), 3 blood (I), 2 bone | F13: +2 | H13: A woman in a black cloak and red scarf in an alley doorway, a bloody cleaver at her side | I13: =H13&". "&Style!$B$2&" "&Style!$B$6 -> A woman in a black cloak and red scarf in an alley doorway, a bloody cleaver at her side. Dark hand-drawn coloured-pencil illustration on black-toned paper. Visible pencil strokes and cross-hatching, waxy layered colour, soft grain of the paper showing through. Gothic 1819 Paris, Mary Shelley mood. Low-key candlelit lighting: a single warm light source (candle, lantern or lamp) carving figures out of near-black shadow. Muted palette of soot black, bruised plum, oxblood red, tarnished brass and bone white, with one small accent of cold galvanic blue where electricity or life appears. Subtle vignette fading to black at the edges. Melancholic, unsettling, quietly beautiful rather than gory: wounds and death are suggested with restraint, never graphic. Hand-made imperfections, no digital gloss. Format: 2:3 portrait, head and shoulders, centred, lower 20% dark and simple. | J13: =Style!$B$4 -> text, letters, words, captions, logos, watermark, signature, card frame, border, UI, photorealistic, 3D render, CGI, glossy, airbrushed, smooth digital painting, anime, cartoon, chibi, bright saturated colours, daylight, white background, gore, exposed organs in detail, modern clothing, modern objects | K13: 2:3 | L13: scoundrel-11.png
A14: Scoundrel 12 | B14: Cutthroat | C14: 1 | D14: 1 | E14: 3 muscle (I), 4 organ (I), 3 blood (I), 3 bone | F14: +2 | H14: A scarred knife-sharpener with a whetstone, rolled sleeves stained red | I14: =H14&". "&Style!$B$2&" "&Style!$B$6 -> A scarred knife-sharpener with a whetstone, rolled sleeves stained red. Dark hand-drawn coloured-pencil illustration on black-toned paper. Visible pencil strokes and cross-hatching, waxy layered colour, soft grain of the paper showing through. Gothic 1819 Paris, Mary Shelley mood. Low-key candlelit lighting: a single warm light source (candle, lantern or lamp) carving figures out of near-black shadow. Muted palette of soot black, bruised plum, oxblood red, tarnished brass and bone white, with one small accent of cold galvanic blue where electricity or life appears. Subtle vignette fading to black at the edges. Melancholic, unsettling, quietly beautiful rather than gory: wounds and death are suggested with restraint, never graphic. Hand-made imperfections, no digital gloss. Format: 2:3 portrait, head and shoulders, centred, lower 20% dark and simple. | J14: =Style!$B$4 -> text, letters, words, captions, logos, watermark, signature, card frame, border, UI, photorealistic, 3D render, CGI, glossy, airbrushed, smooth digital painting, anime, cartoon, chibi, bright saturated colours, daylight, white background, gore, exposed organs in detail, modern clothing, modern objects | K14: 2:3 | L14: scoundrel-12.png
A15: Scoundrel 13 | B15: Body Snatcher | C15: 2 | E15: 6 muscle (III), 4 organ (III), 5 bone | F15: +2 | H15: A gravedigger with a long spade over his shoulder, moonlit fog behind | I15: =H15&". "&Style!$B$2&" "&Style!$B$6 -> A gravedigger with a long spade over his shoulder, moonlit fog behind. Dark hand-drawn coloured-pencil illustration on black-toned paper. Visible pencil strokes and cross-hatching, waxy layered colour, soft grain of the paper showing through. Gothic 1819 Paris, Mary Shelley mood. Low-key candlelit lighting: a single warm light source (candle, lantern or lamp) carving figures out of near-black shadow. Muted palette of soot black, bruised plum, oxblood red, tarnished brass and bone white, with one small accent of cold galvanic blue where electricity or life appears. Subtle vignette fading to black at the edges. Melancholic, unsettling, quietly beautiful rather than gory: wounds and death are suggested with restraint, never graphic. Hand-made imperfections, no digital gloss. Format: 2:3 portrait, head and shoulders, centred, lower 20% dark and simple. | J15: =Style!$B$4 -> text, letters, words, captions, logos, watermark, signature, card frame, border, UI, photorealistic, 3D render, CGI, glossy, airbrushed, smooth digital painting, anime, cartoon, chibi, bright saturated colours, daylight, white background, gore, exposed organs in detail, modern clothing, modern objects | K15: 2:3 | L15: scoundrel-13.png
A16: Scoundrel 14 | B16: Body Snatcher | C16: 1 | E16: 4 muscle (III), 4 organ (III), 3 bone | F16: +1 | H16: A body snatcher in a battered top hat and green coat, rope and hook in hand | I16: =H16&". "&Style!$B$2&" "&Style!$B$6 -> A body snatcher in a battered top hat and green coat, rope and hook in hand. Dark hand-drawn coloured-pencil illustration on black-toned paper. Visible pencil strokes and cross-hatching, waxy layered colour, soft grain of the paper showing through. Gothic 1819 Paris, Mary Shelley mood. Low-key candlelit lighting: a single warm light source (candle, lantern or lamp) carving figures out of near-black shadow. Muted palette of soot black, bruised plum, oxblood red, tarnished brass and bone white, with one small accent of cold galvanic blue where electricity or life appears. Subtle vignette fading to black at the edges. Melancholic, unsettling, quietly beautiful rather than gory: wounds and death are suggested with restraint, never graphic. Hand-made imperfections, no digital gloss. Format: 2:3 portrait, head and shoulders, centred, lower 20% dark and simple. | J16: =Style!$B$4 -> text, letters, words, captions, logos, watermark, signature, card frame, border, UI, photorealistic, 3D render, CGI, glossy, airbrushed, smooth digital painting, anime, cartoon, chibi, bright saturated colours, daylight, white background, gore, exposed organs in detail, modern clothing, modern objects | K16: 2:3 | L16: scoundrel-14.png
A17: Scoundrel 15 | B17: Body Snatcher | C17: 1 | E17: 4 muscle (III), 3 organ (III), 4 bone | F17: +1 | H17: A tidy young widow in mourning blue with a sack over her shoulder | I17: =H17&". "&Style!$B$2&" "&Style!$B$6 -> A tidy young widow in mourning blue with a sack over her shoulder. Dark hand-drawn coloured-pencil illustration on black-toned paper. Visible pencil strokes and cross-hatching, waxy layered colour, soft grain of the paper showing through. Gothic 1819 Paris, Mary Shelley mood. Low-key candlelit lighting: a single warm light source (candle, lantern or lamp) carving figures out of near-black shadow. Muted palette of soot black, bruised plum, oxblood red, tarnished brass and bone white, with one small accent of cold galvanic blue where electricity or life appears. Subtle vignette fading to black at the edges. Melancholic, unsettling, quietly beautiful rather than gory: wounds and death are suggested with restraint, never graphic. Hand-made imperfections, no digital gloss. Format: 2:3 portrait, head and shoulders, centred, lower 20% dark and simple. | J17: =Style!$B$4 -> text, letters, words, captions, logos, watermark, signature, card frame, border, UI, photorealistic, 3D render, CGI, glossy, airbrushed, smooth digital painting, anime, cartoon, chibi, bright saturated colours, daylight, white background, gore, exposed organs in detail, modern clothing, modern objects | K17: 2:3 | L17: scoundrel-15.png
A18: Scoundrel 16 | B18: The Bone Collector | C18: 1 | E18: 8 bone | H18: An old man in a wide-brimmed hat leaning on a stick, a sack of bones at his feet | I18: =H18&". "&Style!$B$2&" "&Style!$B$6 -> An old man in a wide-brimmed hat leaning on a stick, a sack of bones at his feet. Dark hand-drawn coloured-pencil illustration on black-toned paper. Visible pencil strokes and cross-hatching, waxy layered colour, soft grain of the paper showing through. Gothic 1819 Paris, Mary Shelley mood. Low-key candlelit lighting: a single warm light source (candle, lantern or lamp) carving figures out of near-black shadow. Muted palette of soot black, bruised plum, oxblood red, tarnished brass and bone white, with one small accent of cold galvanic blue where electricity or life appears. Subtle vignette fading to black at the edges. Melancholic, unsettling, quietly beautiful rather than gory: wounds and death are suggested with restraint, never graphic. Hand-made imperfections, no digital gloss. Format: 2:3 portrait, head and shoulders, centred, lower 20% dark and simple. | J18: =Style!$B$4 -> text, letters, words, captions, logos, watermark, signature, card frame, border, UI, photorealistic, 3D render, CGI, glossy, airbrushed, smooth digital painting, anime, cartoon, chibi, bright saturated colours, daylight, white background, gore, exposed organs in detail, modern clothing, modern objects | K18: 2:3 | L18: scoundrel-16.png

Sheet Research
A1: Numbers follow the physical game (read from the Tabletop Simulator sheets). Names, wording and art are original to The Second Spark.
A2: Card | B2: Name | C2: When | D2: Effect | E2: Gain | F2: Dice mitigation | G2: Illustration subject | H2: Prompt (ready to paste) | I2: Negative prompt | J2: Aspect | K2: File name
A3: Research 01 | B3: Countermeasures | C3: react | D3: Cancels a rival’s humanity card aimed at you (used automatically). | E3: +2f | F3: Ignore all bolts | G3: A wax-sealed letter of warning lying on a desk beside a dagger | H3: =G3&". "&Style!$B$2&" "&Style!$B$9 -> A wax-sealed letter of warning lying on a desk beside a dagger. Dark hand-drawn coloured-pencil illustration on black-toned paper. Visible pencil strokes and cross-hatching, waxy layered colour, soft grain of the paper showing through. Gothic 1819 Paris, Mary Shelley mood. Low-key candlelit lighting: a single warm light source (candle, lantern or lamp) carving figures out of near-black shadow. Muted palette of soot black, bruised plum, oxblood red, tarnished brass and bone white, with one small accent of cold galvanic blue where electricity or life appears. Subtle vignette fading to black at the edges. Melancholic, unsettling, quietly beautiful rather than gory: wounds and death are suggested with restraint, never graphic. Hand-made imperfections, no digital gloss. Format: 4:3 landscape, one clear object or moment in close-up, simple dark background. | I3: =Style!$B$4 -> text, letters, words, captions, logos, watermark, signature, card frame, border, UI, photorealistic, 3D render, CGI, glossy, airbrushed, smooth digital painting, anime, cartoon, chibi, bright saturated colours, daylight, white background, gore, exposed organs in detail, modern clothing, modern objects | J3: 4:3 | K3: research-01.png
A4: Research 02 | B4: Unethical Experiment | C4: alley | D4: At the Dark Alley or hiring a Cutthroat: spend 1 charged jar and skip the normal benefit. | E4: +5 expertise, -1 humanity | F4: Re-roll any dice | G4: A living man strapped to a table, a galvanic arc crawling over his chest | H4: =G4&". "&Style!$B$2&" "&Style!$B$9 -> A living man strapped to a table, a galvanic arc crawling over his chest. Dark hand-drawn coloured-pencil illustration on black-toned paper. Visible pencil strokes and cross-hatching, waxy layered colour, soft grain of the paper showing through. Gothic 1819 Paris, Mary Shelley mood. Low-key candlelit lighting: a single warm light source (candle, lantern or lamp) carving figures out of near-black shadow. Muted palette of soot black, bruised plum, oxblood red, tarnished brass and bone white, with one small accent of cold galvanic blue where electricity or life appears. Subtle vignette fading to black at the edges. Melancholic, unsettling, quietly beautiful rather than gory: wounds and death are suggested with restraint, never graphic. Hand-made imperfections, no digital gloss. Format: 4:3 landscape, one clear object or moment in close-up, simple dark background. | I4: =Style!$B$4 -> text, letters, words, captions, logos, watermark, signature, card frame, border, UI, photorealistic, 3D render, CGI, glossy, airbrushed, smooth digital painting, anime, cartoon, chibi, bright saturated colours, daylight, white background, gore, exposed organs in detail, modern clothing, modern objects | J4: 4:3 | K4: research-02.png
A5: Research 03 | B5: Pickling Jars | C5: market | D5: At the Market: +1f for every sale of preserved flesh. | F5: Ignore broken hearts | G5: Shelves of glass pickling jars holding organs in cloudy fluid | H5: =G5&". "&Style!$B$2&" "&Style!$B$9 -> Shelves of glass pickling jars holding organs in cloudy fluid. Dark hand-drawn coloured-pencil illustration on black-toned paper. Visible pencil strokes and cross-hatching, waxy layered colour, soft grain of the paper showing through. Gothic 1819 Paris, Mary Shelley mood. Low-key candlelit lighting: a single warm light source (candle, lantern or lamp) carving figures out of near-black shadow. Muted palette of soot black, bruised plum, oxblood red, tarnished brass and bone white, with one small accent of cold galvanic blue where electricity or life appears. Subtle vignette fading to black at the edges. Melancholic, unsettling, quietly beautiful rather than gory: wounds and death are suggested with restraint, never graphic. Hand-made imperfections, no digital gloss. Format: 4:3 landscape, one clear object or moment in close-up, simple dark background. | I5: =Style!$B$4 -> text, letters, words, captions, logos, watermark, signature, card frame, border, UI, photorealistic, 3D render, CGI, glossy, airbrushed, smooth digital painting, anime, cartoon, chibi, bright saturated colours, daylight, white background, gore, exposed organs in detail, modern clothing, modern objects | J5: 4:3 | K5: research-03.png
A6: Research 04 | B6: Steady Hands | C6: build | D6: When building a part: need 1 fewer of each material. | E6: +2 expertise | F6: Re-roll dice showing bolts | G6: An anatomist’s hands drawing a curved needle through a stitched seam of flesh | H6: =G6&". "&Style!$B$2&" "&Style!$B$9 -> An anatomist’s hands drawing a curved needle through a stitched seam of flesh. Dark hand-drawn coloured-pencil illustration on black-toned paper. Visible pencil strokes and cross-hatching, waxy layered colour, soft grain of the paper showing through. Gothic 1819 Paris, Mary Shelley mood. Low-key candlelit lighting: a single warm light source (candle, lantern or lamp) carving figures out of near-black shadow. Muted palette of soot black, bruised plum, oxblood red, tarnished brass and bone white, with one small accent of cold galvanic blue where electricity or life appears. Subtle vignette fading to black at the edges. Melancholic, unsettling, quietly beautiful rather than gory: wounds and death are suggested with restraint, never graphic. Hand-made imperfections, no digital gloss. Format: 4:3 landscape, one clear object or moment in close-up, simple dark background. | I6: =Style!$B$4 -> text, letters, words, captions, logos, watermark, signature, card frame, border, UI, photorealistic, 3D render, CGI, glossy, airbrushed, smooth digital painting, anime, cartoon, chibi, bright saturated colours, daylight, white background, gore, exposed organs in detail, modern clothing, modern objects | J6: 4:3 | K6: research-04.png
A7: Research 05 | B7: Private Pupil | C7: any | D7: Take on a wealthy pupil. | E7: +2 reputation, +3f | F7: Ignore all bolts | G7: A rich young pupil in fine clothes watching a demonstration, purse on the table | H7: =G7&". "&Style!$B$2&" "&Style!$B$9 -> A rich young pupil in fine clothes watching a demonstration, purse on the table. Dark hand-drawn coloured-pencil illustration on black-toned paper. Visible pencil strokes and cross-hatching, waxy layered colour, soft grain of the paper showing through. Gothic 1819 Paris, Mary Shelley mood. Low-key candlelit lighting: a single warm light source (candle, lantern or lamp) carving figures out of near-black shadow. Muted palette of soot black, bruised plum, oxblood red, tarnished brass and bone white, with one small accent of cold galvanic blue where electricity or life appears. Subtle vignette fading to black at the edges. Melancholic, unsettling, quietly beautiful rather than gory: wounds and death are suggested with restraint, never graphic. Hand-made imperfections, no digital gloss. Format: 4:3 landscape, one clear object or moment in close-up, simple dark background. | I7: =Style!$B$4 -> text, letters, words, captions, logos, watermark, signature, card frame, border, UI, photorealistic, 3D render, CGI, glossy, airbrushed, smooth digital painting, anime, cartoon, chibi, bright saturated colours, daylight, white background, gore, exposed organs in detail, modern clothing, modern objects | J7: 4:3 | K7: research-05.png
A8: Research 06 | B8: Guest Lecturer | C8: lecture | D8: When lecturing: gain this as well. | E8: +2 reputation, +2f | F8: Re-roll any dice | G8: A crowded candlelit lecture theatre, a shrouded body on the demonstration table | H8: =G8&". "&Style!$B$2&" "&Style!$B$9 -> A crowded candlelit lecture theatre, a shrouded body on the demonstration table. Dark hand-drawn coloured-pencil illustration on black-toned paper. Visible pencil strokes and cross-hatching, waxy layered colour, soft grain of the paper showing through. Gothic 1819 Paris, Mary Shelley mood. Low-key candlelit lighting: a single warm light source (candle, lantern or lamp) carving figures out of near-black shadow. Muted palette of soot black, bruised plum, oxblood red, tarnished brass and bone white, with one small accent of cold galvanic blue where electricity or life appears. Subtle vignette fading to black at the edges. Melancholic, unsettling, quietly beautiful rather than gory: wounds and death are suggested with restraint, never graphic. Hand-made imperfections, no digital gloss. Format: 4:3 landscape, one clear object or moment in close-up, simple dark background. | I8: =Style!$B$4 -> text, letters, words, captions, logos, watermark, signature, card frame, border, UI, photorealistic, 3D render, CGI, glossy, airbrushed, smooth digital painting, anime, cartoon, chibi, bright saturated colours, daylight, white background, gore, exposed organs in detail, modern clothing, modern objects | J8: 4:3 | K8: research-06.png
A9: Research 07 | B9: Healing Salve | C9: any | D9: Remove all damage from your parts. | E9: +2 expertise | F9: Re-roll gray dice | G9: A pot of salve, linen bandages and a scalpel beside a stitched limb | H9: =G9&". "&Style!$B$2&" "&Style!$B$9 -> A pot of salve, linen bandages and a scalpel beside a stitched limb. Dark hand-drawn coloured-pencil illustration on black-toned paper. Visible pencil strokes and cross-hatching, waxy layered colour, soft grain of the paper showing through. Gothic 1819 Paris, Mary Shelley mood. Low-key candlelit lighting: a single warm light source (candle, lantern or lamp) carving figures out of near-black shadow. Muted palette of soot black, bruised plum, oxblood red, tarnished brass and bone white, with one small accent of cold galvanic blue where electricity or life appears. Subtle vignette fading to black at the edges. Melancholic, unsettling, quietly beautiful rather than gory: wounds and death are suggested with restraint, never graphic. Hand-made imperfections, no digital gloss. Format: 4:3 landscape, one clear object or moment in close-up, simple dark background. | I9: =Style!$B$4 -> text, letters, words, captions, logos, watermark, signature, card frame, border, UI, photorealistic, 3D render, CGI, glossy, airbrushed, smooth digital painting, anime, cartoon, chibi, bright saturated colours, daylight, white background, gore, exposed organs in detail, modern clothing, modern objects | J9: 4:3 | K9: research-07.png
A10: Research 08 | B10: Burning the Candle | C10: turn | D10: On your turn: use one of your placed meeples’ spaces again, paying its costs. It is not a new placement. | F10: Re-roll blue dice | G10: A candle burnt to the stub over heaps of notes and an open skull | H10: =G10&". "&Style!$B$2&" "&Style!$B$9 -> A candle burnt to the stub over heaps of notes and an open skull. Dark hand-drawn coloured-pencil illustration on black-toned paper. Visible pencil strokes and cross-hatching, waxy layered colour, soft grain of the paper showing through. Gothic 1819 Paris, Mary Shelley mood. Low-key candlelit lighting: a single warm light source (candle, lantern or lamp) carving figures out of near-black shadow. Muted palette of soot black, bruised plum, oxblood red, tarnished brass and bone white, with one small accent of cold galvanic blue where electricity or life appears. Subtle vignette fading to black at the edges. Melancholic, unsettling, quietly beautiful rather than gory: wounds and death are suggested with restraint, never graphic. Hand-made imperfections, no digital gloss. Format: 4:3 landscape, one clear object or moment in close-up, simple dark background. | I10: =Style!$B$4 -> text, letters, words, captions, logos, watermark, signature, card frame, border, UI, photorealistic, 3D render, CGI, glossy, airbrushed, smooth digital painting, anime, cartoon, chibi, bright saturated colours, daylight, white background, gore, exposed organs in detail, modern clothing, modern objects | J10: 4:3 | K10: research-08.png
A11: Research 09 | B11: Fresh as Morning | C11: cadaver | D11: When resolving a cadaver: its materials count as stage I. | E11: +2 reputation, +2f | F11: Re-roll dice showing bolts | G11: Fresh white flowers laid on a pale chest, morning light through a window | H11: =G11&". "&Style!$B$2&" "&Style!$B$9 -> Fresh white flowers laid on a pale chest, morning light through a window. Dark hand-drawn coloured-pencil illustration on black-toned paper. Visible pencil strokes and cross-hatching, waxy layered colour, soft grain of the paper showing through. Gothic 1819 Paris, Mary Shelley mood. Low-key candlelit lighting: a single warm light source (candle, lantern or lamp) carving figures out of near-black shadow. Muted palette of soot black, bruised plum, oxblood red, tarnished brass and bone white, with one small accent of cold galvanic blue where electricity or life appears. Subtle vignette fading to black at the edges. Melancholic, unsettling, quietly beautiful rather than gory: wounds and death are suggested with restraint, never graphic. Hand-made imperfections, no digital gloss. Format: 4:3 landscape, one clear object or moment in close-up, simple dark background. | I11: =Style!$B$4 -> text, letters, words, captions, logos, watermark, signature, card frame, border, UI, photorealistic, 3D render, CGI, glossy, airbrushed, smooth digital painting, anime, cartoon, chibi, bright saturated colours, daylight, white background, gore, exposed organs in detail, modern clothing, modern objects | J11: 4:3 | K11: research-09.png
A12: Research 10 | B12: Close Dissection | C12: cadaver12 | D12: When resolving a stage I or II cadaver: pay its cost, discard it, gain this instead. | E12: +4 expertise | F12: Re-roll gray dice | G12: An open dissection with organs pinned and labelled on a board | H12: =G12&". "&Style!$B$2&" "&Style!$B$9 -> An open dissection with organs pinned and labelled on a board. Dark hand-drawn coloured-pencil illustration on black-toned paper. Visible pencil strokes and cross-hatching, waxy layered colour, soft grain of the paper showing through. Gothic 1819 Paris, Mary Shelley mood. Low-key candlelit lighting: a single warm light source (candle, lantern or lamp) carving figures out of near-black shadow. Muted palette of soot black, bruised plum, oxblood red, tarnished brass and bone white, with one small accent of cold galvanic blue where electricity or life appears. Subtle vignette fading to black at the edges. Melancholic, unsettling, quietly beautiful rather than gory: wounds and death are suggested with restraint, never graphic. Hand-made imperfections, no digital gloss. Format: 4:3 landscape, one clear object or moment in close-up, simple dark background. | I12: =Style!$B$4 -> text, letters, words, captions, logos, watermark, signature, card frame, border, UI, photorealistic, 3D render, CGI, glossy, airbrushed, smooth digital painting, anime, cartoon, chibi, bright saturated colours, daylight, white background, gore, exposed organs in detail, modern clothing, modern objects | J12: 4:3 | K12: research-10.png
A13: Research 11 | B13: Evening Study | C13: any | D13: Read late into the night. | E13: +2 expertise | F13: Re-roll gray dice | G13: A scholar asleep over an anatomy book by candlelight | H13: =G13&". "&Style!$B$2&" "&Style!$B$9 -> A scholar asleep over an anatomy book by candlelight. Dark hand-drawn coloured-pencil illustration on black-toned paper. Visible pencil strokes and cross-hatching, waxy layered colour, soft grain of the paper showing through. Gothic 1819 Paris, Mary Shelley mood. Low-key candlelit lighting: a single warm light source (candle, lantern or lamp) carving figures out of near-black shadow. Muted palette of soot black, bruised plum, oxblood red, tarnished brass and bone white, with one small accent of cold galvanic blue where electricity or life appears. Subtle vignette fading to black at the edges. Melancholic, unsettling, quietly beautiful rather than gory: wounds and death are suggested with restraint, never graphic. Hand-made imperfections, no digital gloss. Format: 4:3 landscape, one clear object or moment in close-up, simple dark background. | I13: =Style!$B$4 -> text, letters, words, captions, logos, watermark, signature, card frame, border, UI, photorealistic, 3D render, CGI, glossy, airbrushed, smooth digital painting, anime, cartoon, chibi, bright saturated colours, daylight, white background, gore, exposed organs in detail, modern clothing, modern objects | J13: 4:3 | K13: research-11.png
A14: Research 12 | B14: Practical Study | C14: any | D14: Practise on a cat. | E14: +3 expertise | F14: Re-roll blue dice | G14: A dead cat pinned on a dissection board, scalpels laid out | H14: =G14&". "&Style!$B$2&" "&Style!$B$9 -> A dead cat pinned on a dissection board, scalpels laid out. Dark hand-drawn coloured-pencil illustration on black-toned paper. Visible pencil strokes and cross-hatching, waxy layered colour, soft grain of the paper showing through. Gothic 1819 Paris, Mary Shelley mood. Low-key candlelit lighting: a single warm light source (candle, lantern or lamp) carving figures out of near-black shadow. Muted palette of soot black, bruised plum, oxblood red, tarnished brass and bone white, with one small accent of cold galvanic blue where electricity or life appears. Subtle vignette fading to black at the edges. Melancholic, unsettling, quietly beautiful rather than gory: wounds and death are suggested with restraint, never graphic. Hand-made imperfections, no digital gloss. Format: 4:3 landscape, one clear object or moment in close-up, simple dark background. | I14: =Style!$B$4 -> text, letters, words, captions, logos, watermark, signature, card frame, border, UI, photorealistic, 3D render, CGI, glossy, airbrushed, smooth digital painting, anime, cartoon, chibi, bright saturated colours, daylight, white background, gore, exposed organs in detail, modern clothing, modern objects | J14: 4:3 | K14: research-12.png
A15: Research 13 | B15: Electrolysis | C15: cadaver123 | D15: When resolving a stage I to III cadaver: spend 1 charged jar, pay its cost, discard it, gain this instead. | E15: +4 expertise, +2 reputation | F15: Re-roll gray dice | G15: An electrolysis cell bubbling around a heart in a glass dish, blue sparks | H15: =G15&". "&Style!$B$2&" "&Style!$B$9 -> An electrolysis cell bubbling around a heart in a glass dish, blue sparks. Dark hand-drawn coloured-pencil illustration on black-toned paper. Visible pencil strokes and cross-hatching, waxy layered colour, soft grain of the paper showing through. Gothic 1819 Paris, Mary Shelley mood. Low-key candlelit lighting: a single warm light source (candle, lantern or lamp) carving figures out of near-black shadow. Muted palette of soot black, bruised plum, oxblood red, tarnished brass and bone white, with one small accent of cold galvanic blue where electricity or life appears. Subtle vignette fading to black at the edges. Melancholic, unsettling, quietly beautiful rather than gory: wounds and death are suggested with restraint, never graphic. Hand-made imperfections, no digital gloss. Format: 4:3 landscape, one clear object or moment in close-up, simple dark background. | I15: =Style!$B$4 -> text, letters, words, captions, logos, watermark, signature, card frame, border, UI, photorealistic, 3D render, CGI, glossy, airbrushed, smooth digital painting, anime, cartoon, chibi, bright saturated colours, daylight, white background, gore, exposed organs in detail, modern clothing, modern objects | J15: 4:3 | K15: research-13.png
A16: Research 14 | B16: Public Galvanism | C16: any | D16: Spend 1 charged jar and 2 animal to make a dead dog dance for a crowd. | E16: +3 expertise, +2 reputation, +1f, -1 humanity | F16: Re-roll blue dice | G16: A dead dog twitching on a table before a gasping crowd, blue current in the wires | H16: =G16&". "&Style!$B$2&" "&Style!$B$9 -> A dead dog twitching on a table before a gasping crowd, blue current in the wires. Dark hand-drawn coloured-pencil illustration on black-toned paper. Visible pencil strokes and cross-hatching, waxy layered colour, soft grain of the paper showing through. Gothic 1819 Paris, Mary Shelley mood. Low-key candlelit lighting: a single warm light source (candle, lantern or lamp) carving figures out of near-black shadow. Muted palette of soot black, bruised plum, oxblood red, tarnished brass and bone white, with one small accent of cold galvanic blue where electricity or life appears. Subtle vignette fading to black at the edges. Melancholic, unsettling, quietly beautiful rather than gory: wounds and death are suggested with restraint, never graphic. Hand-made imperfections, no digital gloss. Format: 4:3 landscape, one clear object or moment in close-up, simple dark background. | I16: =Style!$B$4 -> text, letters, words, captions, logos, watermark, signature, card frame, border, UI, photorealistic, 3D render, CGI, glossy, airbrushed, smooth digital painting, anime, cartoon, chibi, bright saturated colours, daylight, white background, gore, exposed organs in detail, modern clothing, modern objects | J16: 4:3 | K16: research-14.png
A17: Research 15 | B17: Transfusion | C17: blood | D17: When giving blood: gain this instead of the blood. | E17: +3 expertise, +1 reputation, +1f | F17: Re-roll gray dice | G17: A brass transfusion apparatus joining two arms with a tube of blood | H17: =G17&". "&Style!$B$2&" "&Style!$B$9 -> A brass transfusion apparatus joining two arms with a tube of blood. Dark hand-drawn coloured-pencil illustration on black-toned paper. Visible pencil strokes and cross-hatching, waxy layered colour, soft grain of the paper showing through. Gothic 1819 Paris, Mary Shelley mood. Low-key candlelit lighting: a single warm light source (candle, lantern or lamp) carving figures out of near-black shadow. Muted palette of soot black, bruised plum, oxblood red, tarnished brass and bone white, with one small accent of cold galvanic blue where electricity or life appears. Subtle vignette fading to black at the edges. Melancholic, unsettling, quietly beautiful rather than gory: wounds and death are suggested with restraint, never graphic. Hand-made imperfections, no digital gloss. Format: 4:3 landscape, one clear object or moment in close-up, simple dark background. | I17: =Style!$B$4 -> text, letters, words, captions, logos, watermark, signature, card frame, border, UI, photorealistic, 3D render, CGI, glossy, airbrushed, smooth digital painting, anime, cartoon, chibi, bright saturated colours, daylight, white background, gore, exposed organs in detail, modern clothing, modern objects | J17: 4:3 | K17: research-15.png
A18: Research 16 | B18: Publish a Paper | C18: turn | D18: On your turn: your unplaced scientist sits out this round to write. | E18: +2 expertise, +3 reputation, +1f | F18: Re-roll dice showing bolts | G18: A hand press printing an anatomical treatise, fresh pages hanging to dry | H18: =G18&". "&Style!$B$2&" "&Style!$B$9 -> A hand press printing an anatomical treatise, fresh pages hanging to dry. Dark hand-drawn coloured-pencil illustration on black-toned paper. Visible pencil strokes and cross-hatching, waxy layered colour, soft grain of the paper showing through. Gothic 1819 Paris, Mary Shelley mood. Low-key candlelit lighting: a single warm light source (candle, lantern or lamp) carving figures out of near-black shadow. Muted palette of soot black, bruised plum, oxblood red, tarnished brass and bone white, with one small accent of cold galvanic blue where electricity or life appears. Subtle vignette fading to black at the edges. Melancholic, unsettling, quietly beautiful rather than gory: wounds and death are suggested with restraint, never graphic. Hand-made imperfections, no digital gloss. Format: 4:3 landscape, one clear object or moment in close-up, simple dark background. | I18: =Style!$B$4 -> text, letters, words, captions, logos, watermark, signature, card frame, border, UI, photorealistic, 3D render, CGI, glossy, airbrushed, smooth digital painting, anime, cartoon, chibi, bright saturated colours, daylight, white background, gore, exposed organs in detail, modern clothing, modern objects | J18: 4:3 | K18: research-16.png

Sheet Humanity
A1: Numbers follow the physical game (read from the Tabletop Simulator sheets). Names, wording and art are original to The Second Spark.
A2: Card | B2: Name | C2: When | D2: Effect | E2: Cost | F2: Gain | G2: Illustration subject | H2: Prompt (ready to paste) | I2: Negative prompt | J2: Aspect | K2: File name
A3: Humanity 01 | B3: Whisper to the Captain | C3: aid | D3: Pay 1f: the Captain moves 1 step closer to the end. Not from Day 11. One aid card per day. | E3: 1f | F3: +2 humanity | G3: Whispering to an old grey-bearded sea captain in a fur-collared coat in a tavern corner | H3: =G3&". "&Style!$B$2&" "&Style!$B$9 -> Whispering to an old grey-bearded sea captain in a fur-collared coat in a tavern corner. Dark hand-drawn coloured-pencil illustration on black-toned paper. Visible pencil strokes and cross-hatching, waxy layered colour, soft grain of the paper showing through. Gothic 1819 Paris, Mary Shelley mood. Low-key candlelit lighting: a single warm light source (candle, lantern or lamp) carving figures out of near-black shadow. Muted palette of soot black, bruised plum, oxblood red, tarnished brass and bone white, with one small accent of cold galvanic blue where electricity or life appears. Subtle vignette fading to black at the edges. Melancholic, unsettling, quietly beautiful rather than gory: wounds and death are suggested with restraint, never graphic. Hand-made imperfections, no digital gloss. Format: 4:3 landscape, one clear object or moment in close-up, simple dark background. | I3: =Style!$B$4 -> text, letters, words, captions, logos, watermark, signature, card frame, border, UI, photorealistic, 3D render, CGI, glossy, airbrushed, smooth digital painting, anime, cartoon, chibi, bright saturated colours, daylight, white background, gore, exposed organs in detail, modern clothing, modern objects | J3: 4:3 | K3: humanity-01.png
A4: Humanity 02 | B4: Fund the Captain | C4: aid | D4: Pay 2f: the Captain moves 1 step closer to the end. Not from Day 11. One aid card per day. | E4: 2f | F4: +3 humanity | G4: Coins pressed into the gloved hand of an old sea captain | H4: =G4&". "&Style!$B$2&" "&Style!$B$9 -> Coins pressed into the gloved hand of an old sea captain. Dark hand-drawn coloured-pencil illustration on black-toned paper. Visible pencil strokes and cross-hatching, waxy layered colour, soft grain of the paper showing through. Gothic 1819 Paris, Mary Shelley mood. Low-key candlelit lighting: a single warm light source (candle, lantern or lamp) carving figures out of near-black shadow. Muted palette of soot black, bruised plum, oxblood red, tarnished brass and bone white, with one small accent of cold galvanic blue where electricity or life appears. Subtle vignette fading to black at the edges. Melancholic, unsettling, quietly beautiful rather than gory: wounds and death are suggested with restraint, never graphic. Hand-made imperfections, no digital gloss. Format: 4:3 landscape, one clear object or moment in close-up, simple dark background. | I4: =Style!$B$4 -> text, letters, words, captions, logos, watermark, signature, card frame, border, UI, photorealistic, 3D render, CGI, glossy, airbrushed, smooth digital painting, anime, cartoon, chibi, bright saturated colours, daylight, white background, gore, exposed organs in detail, modern clothing, modern objects | J4: 4:3 | K4: humanity-02.png
A5: Humanity 03 | B5: Tell the Captain Everything | C5: aid | D5: The Captain moves 1 step closer to the end. Not from Day 11. One aid card per day. | F5: +1 humanity | G5: Confessing at a table to an old sea captain with a pistol on the table | H5: =G5&". "&Style!$B$2&" "&Style!$B$9 -> Confessing at a table to an old sea captain with a pistol on the table. Dark hand-drawn coloured-pencil illustration on black-toned paper. Visible pencil strokes and cross-hatching, waxy layered colour, soft grain of the paper showing through. Gothic 1819 Paris, Mary Shelley mood. Low-key candlelit lighting: a single warm light source (candle, lantern or lamp) carving figures out of near-black shadow. Muted palette of soot black, bruised plum, oxblood red, tarnished brass and bone white, with one small accent of cold galvanic blue where electricity or life appears. Subtle vignette fading to black at the edges. Melancholic, unsettling, quietly beautiful rather than gory: wounds and death are suggested with restraint, never graphic. Hand-made imperfections, no digital gloss. Format: 4:3 landscape, one clear object or moment in close-up, simple dark background. | I5: =Style!$B$4 -> text, letters, words, captions, logos, watermark, signature, card frame, border, UI, photorealistic, 3D render, CGI, glossy, airbrushed, smooth digital painting, anime, cartoon, chibi, bright saturated colours, daylight, white background, gore, exposed organs in detail, modern clothing, modern objects | J5: 4:3 | K5: humanity-03.png
A6: Humanity 04 | B6: Petition the Prefect | C6: any | D6: All cadavers waiting at the Hospital are given a burial. | F6: +1 humanity | G6: A petition being signed before a stern prefect at a desk | H6: =G6&". "&Style!$B$2&" "&Style!$B$9 -> A petition being signed before a stern prefect at a desk. Dark hand-drawn coloured-pencil illustration on black-toned paper. Visible pencil strokes and cross-hatching, waxy layered colour, soft grain of the paper showing through. Gothic 1819 Paris, Mary Shelley mood. Low-key candlelit lighting: a single warm light source (candle, lantern or lamp) carving figures out of near-black shadow. Muted palette of soot black, bruised plum, oxblood red, tarnished brass and bone white, with one small accent of cold galvanic blue where electricity or life appears. Subtle vignette fading to black at the edges. Melancholic, unsettling, quietly beautiful rather than gory: wounds and death are suggested with restraint, never graphic. Hand-made imperfections, no digital gloss. Format: 4:3 landscape, one clear object or moment in close-up, simple dark background. | I6: =Style!$B$4 -> text, letters, words, captions, logos, watermark, signature, card frame, border, UI, photorealistic, 3D render, CGI, glossy, airbrushed, smooth digital painting, anime, cartoon, chibi, bright saturated colours, daylight, white background, gore, exposed organs in detail, modern clothing, modern objects | J6: 4:3 | K6: humanity-04.png
A7: Humanity 05 | B7: A Trap of Your Own | C7: react | D7: When the Creature visits you, spend 1 charged jar to send him away. | F7: +3 humanity | G7: A spring trap and tripwire set inside a laboratory door | H7: =G7&". "&Style!$B$2&" "&Style!$B$9 -> A spring trap and tripwire set inside a laboratory door. Dark hand-drawn coloured-pencil illustration on black-toned paper. Visible pencil strokes and cross-hatching, waxy layered colour, soft grain of the paper showing through. Gothic 1819 Paris, Mary Shelley mood. Low-key candlelit lighting: a single warm light source (candle, lantern or lamp) carving figures out of near-black shadow. Muted palette of soot black, bruised plum, oxblood red, tarnished brass and bone white, with one small accent of cold galvanic blue where electricity or life appears. Subtle vignette fading to black at the edges. Melancholic, unsettling, quietly beautiful rather than gory: wounds and death are suggested with restraint, never graphic. Hand-made imperfections, no digital gloss. Format: 4:3 landscape, one clear object or moment in close-up, simple dark background. | I7: =Style!$B$4 -> text, letters, words, captions, logos, watermark, signature, card frame, border, UI, photorealistic, 3D render, CGI, glossy, airbrushed, smooth digital painting, anime, cartoon, chibi, bright saturated colours, daylight, white background, gore, exposed organs in detail, modern clothing, modern objects | J7: 4:3 | K7: humanity-05.png
A8: Humanity 06 | B8: Royal Pardon | C8: react | D8: When an execution is announced, pay 2f to stop it. | F8: +2 reputation, +2 humanity | G8: A royal pardon with a red wax seal, the guillotine blurred behind | H8: =G8&". "&Style!$B$2&" "&Style!$B$9 -> A royal pardon with a red wax seal, the guillotine blurred behind. Dark hand-drawn coloured-pencil illustration on black-toned paper. Visible pencil strokes and cross-hatching, waxy layered colour, soft grain of the paper showing through. Gothic 1819 Paris, Mary Shelley mood. Low-key candlelit lighting: a single warm light source (candle, lantern or lamp) carving figures out of near-black shadow. Muted palette of soot black, bruised plum, oxblood red, tarnished brass and bone white, with one small accent of cold galvanic blue where electricity or life appears. Subtle vignette fading to black at the edges. Melancholic, unsettling, quietly beautiful rather than gory: wounds and death are suggested with restraint, never graphic. Hand-made imperfections, no digital gloss. Format: 4:3 landscape, one clear object or moment in close-up, simple dark background. | I8: =Style!$B$4 -> text, letters, words, captions, logos, watermark, signature, card frame, border, UI, photorealistic, 3D render, CGI, glossy, airbrushed, smooth digital painting, anime, cartoon, chibi, bright saturated colours, daylight, white background, gore, exposed organs in detail, modern clothing, modern objects | J8: 4:3 | K8: humanity-06.png
A9: Humanity 07 | B9: A Decent Burial | C9: square | D9: When buying a body at the Public Square, bury it instead. | F9: +2 reputation, +3 humanity | G9: A plain coffin lowered into a grave with a handful of flowers | H9: =G9&". "&Style!$B$2&" "&Style!$B$9 -> A plain coffin lowered into a grave with a handful of flowers. Dark hand-drawn coloured-pencil illustration on black-toned paper. Visible pencil strokes and cross-hatching, waxy layered colour, soft grain of the paper showing through. Gothic 1819 Paris, Mary Shelley mood. Low-key candlelit lighting: a single warm light source (candle, lantern or lamp) carving figures out of near-black shadow. Muted palette of soot black, bruised plum, oxblood red, tarnished brass and bone white, with one small accent of cold galvanic blue where electricity or life appears. Subtle vignette fading to black at the edges. Melancholic, unsettling, quietly beautiful rather than gory: wounds and death are suggested with restraint, never graphic. Hand-made imperfections, no digital gloss. Format: 4:3 landscape, one clear object or moment in close-up, simple dark background. | I9: =Style!$B$4 -> text, letters, words, captions, logos, watermark, signature, card frame, border, UI, photorealistic, 3D render, CGI, glossy, airbrushed, smooth digital painting, anime, cartoon, chibi, bright saturated colours, daylight, white background, gore, exposed organs in detail, modern clothing, modern objects | J9: 4:3 | K9: humanity-07.png
A10: Humanity 08 | B10: Night at the Graves | C10: any | D10: The Cemetery and hiring Body Snatchers are closed for the rest of today. | F10: +1 humanity | G10: A lantern vigil among tombstones at night, a cloaked watcher | H10: =G10&". "&Style!$B$2&" "&Style!$B$9 -> A lantern vigil among tombstones at night, a cloaked watcher. Dark hand-drawn coloured-pencil illustration on black-toned paper. Visible pencil strokes and cross-hatching, waxy layered colour, soft grain of the paper showing through. Gothic 1819 Paris, Mary Shelley mood. Low-key candlelit lighting: a single warm light source (candle, lantern or lamp) carving figures out of near-black shadow. Muted palette of soot black, bruised plum, oxblood red, tarnished brass and bone white, with one small accent of cold galvanic blue where electricity or life appears. Subtle vignette fading to black at the edges. Melancholic, unsettling, quietly beautiful rather than gory: wounds and death are suggested with restraint, never graphic. Hand-made imperfections, no digital gloss. Format: 4:3 landscape, one clear object or moment in close-up, simple dark background. | I10: =Style!$B$4 -> text, letters, words, captions, logos, watermark, signature, card frame, border, UI, photorealistic, 3D render, CGI, glossy, airbrushed, smooth digital painting, anime, cartoon, chibi, bright saturated colours, daylight, white background, gore, exposed organs in detail, modern clothing, modern objects | J10: 4:3 | K10: humanity-08.png
A11: Humanity 09 | B11: Shame the Morgue | C11: any | D11: The Morgue is closed for the rest of today. | F11: +1 humanity | G11: The morgue doors chained shut with a notice nailed to them | H11: =G11&". "&Style!$B$2&" "&Style!$B$9 -> The morgue doors chained shut with a notice nailed to them. Dark hand-drawn coloured-pencil illustration on black-toned paper. Visible pencil strokes and cross-hatching, waxy layered colour, soft grain of the paper showing through. Gothic 1819 Paris, Mary Shelley mood. Low-key candlelit lighting: a single warm light source (candle, lantern or lamp) carving figures out of near-black shadow. Muted palette of soot black, bruised plum, oxblood red, tarnished brass and bone white, with one small accent of cold galvanic blue where electricity or life appears. Subtle vignette fading to black at the edges. Melancholic, unsettling, quietly beautiful rather than gory: wounds and death are suggested with restraint, never graphic. Hand-made imperfections, no digital gloss. Format: 4:3 landscape, one clear object or moment in close-up, simple dark background. | I11: =Style!$B$4 -> text, letters, words, captions, logos, watermark, signature, card frame, border, UI, photorealistic, 3D render, CGI, glossy, airbrushed, smooth digital painting, anime, cartoon, chibi, bright saturated colours, daylight, white background, gore, exposed organs in detail, modern clothing, modern objects | J11: 4:3 | K11: humanity-09.png
A12: Humanity 10 | B12: Mercy for Beasts | C12: lecture | D12: When lecturing, argue against vivisection instead of gaining the normal benefit. | F12: +3 humanity | G12: Cage doors opened and stray dogs running into the night | H12: =G12&". "&Style!$B$2&" "&Style!$B$9 -> Cage doors opened and stray dogs running into the night. Dark hand-drawn coloured-pencil illustration on black-toned paper. Visible pencil strokes and cross-hatching, waxy layered colour, soft grain of the paper showing through. Gothic 1819 Paris, Mary Shelley mood. Low-key candlelit lighting: a single warm light source (candle, lantern or lamp) carving figures out of near-black shadow. Muted palette of soot black, bruised plum, oxblood red, tarnished brass and bone white, with one small accent of cold galvanic blue where electricity or life appears. Subtle vignette fading to black at the edges. Melancholic, unsettling, quietly beautiful rather than gory: wounds and death are suggested with restraint, never graphic. Hand-made imperfections, no digital gloss. Format: 4:3 landscape, one clear object or moment in close-up, simple dark background. | I12: =Style!$B$4 -> text, letters, words, captions, logos, watermark, signature, card frame, border, UI, photorealistic, 3D render, CGI, glossy, airbrushed, smooth digital painting, anime, cartoon, chibi, bright saturated colours, daylight, white background, gore, exposed organs in detail, modern clothing, modern objects | J12: 4:3 | K12: humanity-10.png
A13: Humanity 11 | B13: Walk the Quays | C13: any | D13: The Docks are closed for the rest of today. | F13: +1 humanity | G13: A lone figure with a lantern walking the foggy quays of the Seine | H13: =G13&". "&Style!$B$2&" "&Style!$B$9 -> A lone figure with a lantern walking the foggy quays of the Seine. Dark hand-drawn coloured-pencil illustration on black-toned paper. Visible pencil strokes and cross-hatching, waxy layered colour, soft grain of the paper showing through. Gothic 1819 Paris, Mary Shelley mood. Low-key candlelit lighting: a single warm light source (candle, lantern or lamp) carving figures out of near-black shadow. Muted palette of soot black, bruised plum, oxblood red, tarnished brass and bone white, with one small accent of cold galvanic blue where electricity or life appears. Subtle vignette fading to black at the edges. Melancholic, unsettling, quietly beautiful rather than gory: wounds and death are suggested with restraint, never graphic. Hand-made imperfections, no digital gloss. Format: 4:3 landscape, one clear object or moment in close-up, simple dark background. | I13: =Style!$B$4 -> text, letters, words, captions, logos, watermark, signature, card frame, border, UI, photorealistic, 3D render, CGI, glossy, airbrushed, smooth digital painting, anime, cartoon, chibi, bright saturated colours, daylight, white background, gore, exposed organs in detail, modern clothing, modern objects | J13: 4:3 | K13: humanity-11.png
A14: Humanity 12 | B14: Cut the Wires | C14: target | D14: Choose a rival: their next throw of the switch loses 1 die. | F14: +1 humanity | G14: Cut copper wires dangling from a Leyden jar, pliers beside it | H14: =G14&". "&Style!$B$2&" "&Style!$B$9 -> Cut copper wires dangling from a Leyden jar, pliers beside it. Dark hand-drawn coloured-pencil illustration on black-toned paper. Visible pencil strokes and cross-hatching, waxy layered colour, soft grain of the paper showing through. Gothic 1819 Paris, Mary Shelley mood. Low-key candlelit lighting: a single warm light source (candle, lantern or lamp) carving figures out of near-black shadow. Muted palette of soot black, bruised plum, oxblood red, tarnished brass and bone white, with one small accent of cold galvanic blue where electricity or life appears. Subtle vignette fading to black at the edges. Melancholic, unsettling, quietly beautiful rather than gory: wounds and death are suggested with restraint, never graphic. Hand-made imperfections, no digital gloss. Format: 4:3 landscape, one clear object or moment in close-up, simple dark background. | I14: =Style!$B$4 -> text, letters, words, captions, logos, watermark, signature, card frame, border, UI, photorealistic, 3D render, CGI, glossy, airbrushed, smooth digital painting, anime, cartoon, chibi, bright saturated colours, daylight, white background, gore, exposed organs in detail, modern clothing, modern objects | J14: 4:3 | K14: humanity-12.png
A15: Humanity 13 | B15: Cross Their Path | C15: any | D15: The next rival to place in Paris must choose a different space. | F15: +2 humanity | G15: A hand on a chest blocking a narrow street doorway | H15: =G15&". "&Style!$B$2&" "&Style!$B$9 -> A hand on a chest blocking a narrow street doorway. Dark hand-drawn coloured-pencil illustration on black-toned paper. Visible pencil strokes and cross-hatching, waxy layered colour, soft grain of the paper showing through. Gothic 1819 Paris, Mary Shelley mood. Low-key candlelit lighting: a single warm light source (candle, lantern or lamp) carving figures out of near-black shadow. Muted palette of soot black, bruised plum, oxblood red, tarnished brass and bone white, with one small accent of cold galvanic blue where electricity or life appears. Subtle vignette fading to black at the edges. Melancholic, unsettling, quietly beautiful rather than gory: wounds and death are suggested with restraint, never graphic. Hand-made imperfections, no digital gloss. Format: 4:3 landscape, one clear object or moment in close-up, simple dark background. | I15: =Style!$B$4 -> text, letters, words, captions, logos, watermark, signature, card frame, border, UI, photorealistic, 3D render, CGI, glossy, airbrushed, smooth digital painting, anime, cartoon, chibi, bright saturated colours, daylight, white background, gore, exposed organs in detail, modern clothing, modern objects | J15: 4:3 | K15: humanity-13.png
A16: Humanity 14 | B16: The Dignity of the Dead | C16: lecture | D16: When lecturing, speak for the dead instead of gaining the normal benefit. | F16: +3 humanity | G16: A speaker at a lectern beside a shrouded body, hand raised | H16: =G16&". "&Style!$B$2&" "&Style!$B$9 -> A speaker at a lectern beside a shrouded body, hand raised. Dark hand-drawn coloured-pencil illustration on black-toned paper. Visible pencil strokes and cross-hatching, waxy layered colour, soft grain of the paper showing through. Gothic 1819 Paris, Mary Shelley mood. Low-key candlelit lighting: a single warm light source (candle, lantern or lamp) carving figures out of near-black shadow. Muted palette of soot black, bruised plum, oxblood red, tarnished brass and bone white, with one small accent of cold galvanic blue where electricity or life appears. Subtle vignette fading to black at the edges. Melancholic, unsettling, quietly beautiful rather than gory: wounds and death are suggested with restraint, never graphic. Hand-made imperfections, no digital gloss. Format: 4:3 landscape, one clear object or moment in close-up, simple dark background. | I16: =Style!$B$4 -> text, letters, words, captions, logos, watermark, signature, card frame, border, UI, photorealistic, 3D render, CGI, glossy, airbrushed, smooth digital painting, anime, cartoon, chibi, bright saturated colours, daylight, white background, gore, exposed organs in detail, modern clothing, modern objects | J16: 4:3 | K16: humanity-14.png
... A18: Humanity 16 | B18: A Careless Lantern | C18: target | D18: Choose a rival with 2+ research cards: one of them burns. | F18: +2 humanity | G18: An overturned lantern setting a pile of research papers alight | H18: =G18&". "&Style!$B$2&" "&Style!$B$9 -> An overturned lantern setting a pile of research papers alight. Dark hand-drawn coloured-pencil illustration on black-toned paper. Visible pencil strokes and cross-hatching, waxy layered colour, soft grain of the paper showing through. Gothic 1819 Paris, Mary Shelley mood. Low-key candlelit lighting: a single warm light source (candle, lantern or lamp) carving figures out of near-black shadow. Muted palette of soot black, bruised plum, oxblood red, tarnished brass and bone white, with one small accent of cold galvanic blue where electricity or life appears. Subtle vignette fading to black at the edges. Melancholic, unsettling, quietly beautiful rather than gory: wounds and death are suggested with restraint, never graphic. Hand-made imperfections, no digital gloss. Format: 4:3 landscape, one clear object or moment in close-up, simple dark background. | I18: =Style!$B$4 -> text, letters, words, captions, logos, watermark, signature, card frame, border, UI, photorealistic, 3D render, CGI, glossy, airbrushed, smooth digital painting, anime, cartoon, chibi, bright saturated colours, daylight, white background, gore, exposed organs in detail, modern clothing, modern objects | J18: 4:3 | K18: humanity-16.png

Sheet Events
A1: Numbers follow the physical game (read from the Tabletop Simulator sheets). Names, wording and art are original to The Second Spark.
A2: Card | B2: Name | C2: From day | D2: To day | E2: Lightning | F2: Execution | G2: Effect | H2: Illustration subject | I2: Prompt (ready to paste) | J2: Negative prompt | K2: Aspect | L2: File name
A3: Event 01 | B3: A Porter for Hire | C3: 1 | D3: 5 | G3: At the Hospital, pay 1f to take one more cadaver than your reputation allows. | H3: A hospital porter pocketing coins beside a covered trolley | I3: =H3&". "&Style!$B$2&" "&Style!$B$9 -> A hospital porter pocketing coins beside a covered trolley. Dark hand-drawn coloured-pencil illustration on black-toned paper. Visible pencil strokes and cross-hatching, waxy layered colour, soft grain of the paper showing through. Gothic 1819 Paris, Mary Shelley mood. Low-key candlelit lighting: a single warm light source (candle, lantern or lamp) carving figures out of near-black shadow. Muted palette of soot black, bruised plum, oxblood red, tarnished brass and bone white, with one small accent of cold galvanic blue where electricity or life appears. Subtle vignette fading to black at the edges. Melancholic, unsettling, quietly beautiful rather than gory: wounds and death are suggested with restraint, never graphic. Hand-made imperfections, no digital gloss. Format: 4:3 landscape, one clear object or moment in close-up, simple dark background. | J3: =Style!$B$4 -> text, letters, words, captions, logos, watermark, signature, card frame, border, UI, photorealistic, 3D render, CGI, glossy, airbrushed, smooth digital painting, anime, cartoon, chibi, bright saturated colours, daylight, white background, gore, exposed organs in detail, modern clothing, modern objects | K3: 4:3 | L3: event-01.png
A4: Event 02 | B4: Glut of Meat | C4: 1 | D4: 5 | E4: Yes | G4: The Slaughterhouse gives 2 extra animal and 1f. | H4: Carcasses piled high in a slaughterhouse yard under a stormy sky with lightning | I4: =H4&". "&Style!$B$2&" "&Style!$B$9 -> Carcasses piled high in a slaughterhouse yard under a stormy sky with lightning. Dark hand-drawn coloured-pencil illustration on black-toned paper. Visible pencil strokes and cross-hatching, waxy layered colour, soft grain of the paper showing through. Gothic 1819 Paris, Mary Shelley mood. Low-key candlelit lighting: a single warm light source (candle, lantern or lamp) carving figures out of near-black shadow. Muted palette of soot black, bruised plum, oxblood red, tarnished brass and bone white, with one small accent of cold galvanic blue where electricity or life appears. Subtle vignette fading to black at the edges. Melancholic, unsettling, quietly beautiful rather than gory: wounds and death are suggested with restraint, never graphic. Hand-made imperfections, no digital gloss. Format: 4:3 landscape, one clear object or moment in close-up, simple dark background. | J4: =Style!$B$4 -> text, letters, words, captions, logos, watermark, signature, card frame, border, UI, photorealistic, 3D render, CGI, glossy, airbrushed, smooth digital painting, anime, cartoon, chibi, bright saturated colours, daylight, white background, gore, exposed organs in detail, modern clothing, modern objects | K4: 4:3 | L4: event-02.png
A5: Event 03 | B5: Hard Times | C5: 1 | D5: 5 | G5: No work at the Hospital. Lectures pay reputation only. Leyden jars: buy 1, get 1 free. | H5: A queue of hungry Parisians outside a shuttered bakery | I5: =H5&". "&Style!$B$2&" "&Style!$B$9 -> A queue of hungry Parisians outside a shuttered bakery. Dark hand-drawn coloured-pencil illustration on black-toned paper. Visible pencil strokes and cross-hatching, waxy layered colour, soft grain of the paper showing through. Gothic 1819 Paris, Mary Shelley mood. Low-key candlelit lighting: a single warm light source (candle, lantern or lamp) carving figures out of near-black shadow. Muted palette of soot black, bruised plum, oxblood red, tarnished brass and bone white, with one small accent of cold galvanic blue where electricity or life appears. Subtle vignette fading to black at the edges. Melancholic, unsettling, quietly beautiful rather than gory: wounds and death are suggested with restraint, never graphic. Hand-made imperfections, no digital gloss. Format: 4:3 landscape, one clear object or moment in close-up, simple dark background. | J5: =Style!$B$4 -> text, letters, words, captions, logos, watermark, signature, card frame, border, UI, photorealistic, 3D render, CGI, glossy, airbrushed, smooth digital painting, anime, cartoon, chibi, bright saturated colours, daylight, white background, gore, exposed organs in detail, modern clothing, modern objects | K5: 4:3 | L5: event-03.png
A6: Event 04 | B6: An Anonymous Letter | C6: 1 | D6: 5 | G6: Anyone with humanity above 0 may take a humanity card. The kindest scientist hears a confession. | H6: An anonymous letter unfolded on a table in candlelight | I6: =H6&". "&Style!$B$2&" "&Style!$B$9 -> An anonymous letter unfolded on a table in candlelight. Dark hand-drawn coloured-pencil illustration on black-toned paper. Visible pencil strokes and cross-hatching, waxy layered colour, soft grain of the paper showing through. Gothic 1819 Paris, Mary Shelley mood. Low-key candlelit lighting: a single warm light source (candle, lantern or lamp) carving figures out of near-black shadow. Muted palette of soot black, bruised plum, oxblood red, tarnished brass and bone white, with one small accent of cold galvanic blue where electricity or life appears. Subtle vignette fading to black at the edges. Melancholic, unsettling, quietly beautiful rather than gory: wounds and death are suggested with restraint, never graphic. Hand-made imperfections, no digital gloss. Format: 4:3 landscape, one clear object or moment in close-up, simple dark background. | J6: =Style!$B$4 -> text, letters, words, captions, logos, watermark, signature, card frame, border, UI, photorealistic, 3D render, CGI, glossy, airbrushed, smooth digital painting, anime, cartoon, chibi, bright saturated colours, daylight, white background, gore, exposed organs in detail, modern clothing, modern objects | K6: 4:3 | L6: event-04.png
A7: Event 05 | B7: Patrols at the Graves | C7: 1 | D7: 4 | E7: Yes | G7: The Cemetery is closed. Every scoundrel costs 1f more. | H7: Gendarmes with lanterns patrolling between tombstones, lightning in the sky | I7: =H7&". "&Style!$B$2&" "&Style!$B$9 -> Gendarmes with lanterns patrolling between tombstones, lightning in the sky. Dark hand-drawn coloured-pencil illustration on black-toned paper. Visible pencil strokes and cross-hatching, waxy layered colour, soft grain of the paper showing through. Gothic 1819 Paris, Mary Shelley mood. Low-key candlelit lighting: a single warm light source (candle, lantern or lamp) carving figures out of near-black shadow. Muted palette of soot black, bruised plum, oxblood red, tarnished brass and bone white, with one small accent of cold galvanic blue where electricity or life appears. Subtle vignette fading to black at the edges. Melancholic, unsettling, quietly beautiful rather than gory: wounds and death are suggested with restraint, never graphic. Hand-made imperfections, no digital gloss. Format: 4:3 landscape, one clear object or moment in close-up, simple dark background. | J7: =Style!$B$4 -> text, letters, words, captions, logos, watermark, signature, card frame, border, UI, photorealistic, 3D render, CGI, glossy, airbrushed, smooth digital painting, anime, cartoon, chibi, bright saturated colours, daylight, white background, gore, exposed organs in detail, modern clothing, modern objects | K7: 4:3 | L7: event-05.png
A8: Event 06 | B8: Fire at the Academy | C8: 1 | D8: 4 | F8: Yes | G8: The Academy is closed. Once today, anyone may pay 2f to gain 2 reputation for the rebuilding. | H8: The Academy library ablaze at night, books burning | I8: =H8&". "&Style!$B$2&" "&Style!$B$9 -> The Academy library ablaze at night, books burning. Dark hand-drawn coloured-pencil illustration on black-toned paper. Visible pencil strokes and cross-hatching, waxy layered colour, soft grain of the paper showing through. Gothic 1819 Paris, Mary Shelley mood. Low-key candlelit lighting: a single warm light source (candle, lantern or lamp) carving figures out of near-black shadow. Muted palette of soot black, bruised plum, oxblood red, tarnished brass and bone white, with one small accent of cold galvanic blue where electricity or life appears. Subtle vignette fading to black at the edges. Melancholic, unsettling, quietly beautiful rather than gory: wounds and death are suggested with restraint, never graphic. Hand-made imperfections, no digital gloss. Format: 4:3 landscape, one clear object or moment in close-up, simple dark background. | J8: =Style!$B$4 -> text, letters, words, captions, logos, watermark, signature, card frame, border, UI, photorealistic, 3D render, CGI, glossy, airbrushed, smooth digital painting, anime, cartoon, chibi, bright saturated colours, daylight, white background, gore, exposed organs in detail, modern clothing, modern objects | K8: 4:3 | L8: event-06.png
A9: Event 07 | B9: Cattle Plague | C9: 1 | D9: 5 | G9: The Slaughterhouse is closed. Dog Catchers cost 1f more. | H9: Dead cattle lying in a muddy field, flies | I9: =H9&". "&Style!$B$2&" "&Style!$B$9 -> Dead cattle lying in a muddy field, flies. Dark hand-drawn coloured-pencil illustration on black-toned paper. Visible pencil strokes and cross-hatching, waxy layered colour, soft grain of the paper showing through. Gothic 1819 Paris, Mary Shelley mood. Low-key candlelit lighting: a single warm light source (candle, lantern or lamp) carving figures out of near-black shadow. Muted palette of soot black, bruised plum, oxblood red, tarnished brass and bone white, with one small accent of cold galvanic blue where electricity or life appears. Subtle vignette fading to black at the edges. Melancholic, unsettling, quietly beautiful rather than gory: wounds and death are suggested with restraint, never graphic. Hand-made imperfections, no digital gloss. Format: 4:3 landscape, one clear object or moment in close-up, simple dark background. | J9: =Style!$B$4 -> text, letters, words, captions, logos, watermark, signature, card frame, border, UI, photorealistic, 3D render, CGI, glossy, airbrushed, smooth digital painting, anime, cartoon, chibi, bright saturated colours, daylight, white background, gore, exposed organs in detail, modern clothing, modern objects | K9: 4:3 | L9: event-07.png
A10: Event 08 | B10: Cholera | C10: 1 | D10: 7 | E10: Yes | G10: Hospital shifts pay 2f more. The Cemetery and Morgue draw 1 extra card. | H10: Rows of cholera victims under sheets in a hospital ward, lightning at the windows | I10: =H10&". "&Style!$B$2&" "&Style!$B$9 -> Rows of cholera victims under sheets in a hospital ward, lightning at the windows. Dark hand-drawn coloured-pencil illustration on black-toned paper. Visible pencil strokes and cross-hatching, waxy layered colour, soft grain of the paper showing through. Gothic 1819 Paris, Mary Shelley mood. Low-key candlelit lighting: a single warm light source (candle, lantern or lamp) carving figures out of near-black shadow. Muted palette of soot black, bruised plum, oxblood red, tarnished brass and bone white, with one small accent of cold galvanic blue where electricity or life appears. Subtle vignette fading to black at the edges. Melancholic, unsettling, quietly beautiful rather than gory: wounds and death are suggested with restraint, never graphic. Hand-made imperfections, no digital gloss. Format: 4:3 landscape, one clear object or moment in close-up, simple dark background. | J10: =Style!$B$4 -> text, letters, words, captions, logos, watermark, signature, card frame, border, UI, photorealistic, 3D render, CGI, glossy, airbrushed, smooth digital painting, anime, cartoon, chibi, bright saturated colours, daylight, white background, gore, exposed organs in detail, modern clothing, modern objects | K10: 4:3 | L10: event-08.png
A11: Event 09 | B11: Student Parade | C11: 1 | D11: 4 | G11: Only scientists may go to the Academy. | H11: Students with banners and torches outside the Academy, gendarmes waiting | I11: =H11&". "&Style!$B$2&" "&Style!$B$9 -> Students with banners and torches outside the Academy, gendarmes waiting. Dark hand-drawn coloured-pencil illustration on black-toned paper. Visible pencil strokes and cross-hatching, waxy layered colour, soft grain of the paper showing through. Gothic 1819 Paris, Mary Shelley mood. Low-key candlelit lighting: a single warm light source (candle, lantern or lamp) carving figures out of near-black shadow. Muted palette of soot black, bruised plum, oxblood red, tarnished brass and bone white, with one small accent of cold galvanic blue where electricity or life appears. Subtle vignette fading to black at the edges. Melancholic, unsettling, quietly beautiful rather than gory: wounds and death are suggested with restraint, never graphic. Hand-made imperfections, no digital gloss. Format: 4:3 landscape, one clear object or moment in close-up, simple dark background. | J11: =Style!$B$4 -> text, letters, words, captions, logos, watermark, signature, card frame, border, UI, photorealistic, 3D render, CGI, glossy, airbrushed, smooth digital painting, anime, cartoon, chibi, bright saturated colours, daylight, white background, gore, exposed organs in detail, modern clothing, modern objects | K11: 4:3 | L11: event-09.png
A12: Event 10 | B12: Loyalty Pledges | C12: 1 | D12: 5 | F12: Yes | G12: Everyone pays 1f to gain 1 reputation, or loses 1 reputation. | H12: Citizens signing loyalty pledges under a Bourbon flag, a guillotine in the square | I12: =H12&". "&Style!$B$2&" "&Style!$B$9 -> Citizens signing loyalty pledges under a Bourbon flag, a guillotine in the square. Dark hand-drawn coloured-pencil illustration on black-toned paper. Visible pencil strokes and cross-hatching, waxy layered colour, soft grain of the paper showing through. Gothic 1819 Paris, Mary Shelley mood. Low-key candlelit lighting: a single warm light source (candle, lantern or lamp) carving figures out of near-black shadow. Muted palette of soot black, bruised plum, oxblood red, tarnished brass and bone white, with one small accent of cold galvanic blue where electricity or life appears. Subtle vignette fading to black at the edges. Melancholic, unsettling, quietly beautiful rather than gory: wounds and death are suggested with restraint, never graphic. Hand-made imperfections, no digital gloss. Format: 4:3 landscape, one clear object or moment in close-up, simple dark background. | J12: =Style!$B$4 -> text, letters, words, captions, logos, watermark, signature, card frame, border, UI, photorealistic, 3D render, CGI, glossy, airbrushed, smooth digital painting, anime, cartoon, chibi, bright saturated colours, daylight, white background, gore, exposed organs in detail, modern clothing, modern objects | K12: 4:3 | L12: event-10.png
A13: Event 11 | B13: Student Riots | C13: 1 | D13: 7 | F13: Yes | G13: The Dark Alley and the Docks are closed. | H13: Students throwing stones at a barricade, smoke and torches | I13: =H13&". "&Style!$B$2&" "&Style!$B$9 -> Students throwing stones at a barricade, smoke and torches. Dark hand-drawn coloured-pencil illustration on black-toned paper. Visible pencil strokes and cross-hatching, waxy layered colour, soft grain of the paper showing through. Gothic 1819 Paris, Mary Shelley mood. Low-key candlelit lighting: a single warm light source (candle, lantern or lamp) carving figures out of near-black shadow. Muted palette of soot black, bruised plum, oxblood red, tarnished brass and bone white, with one small accent of cold galvanic blue where electricity or life appears. Subtle vignette fading to black at the edges. Melancholic, unsettling, quietly beautiful rather than gory: wounds and death are suggested with restraint, never graphic. Hand-made imperfections, no digital gloss. Format: 4:3 landscape, one clear object or moment in close-up, simple dark background. | J13: =Style!$B$4 -> text, letters, words, captions, logos, watermark, signature, card frame, border, UI, photorealistic, 3D render, CGI, glossy, airbrushed, smooth digital painting, anime, cartoon, chibi, bright saturated colours, daylight, white background, gore, exposed organs in detail, modern clothing, modern objects | K13: 4:3 | L13: event-11.png
A14: Event 12 | B14: A Dead Man’s Notes | C14: 1 | D14: 7 | E14: Yes | G14: Anyone may lose 1 humanity to gain 2 expertise. | H14: A dead man’s notebook with anatomical sketches, lightning outside the window | I14: =H14&". "&Style!$B$2&" "&Style!$B$9 -> A dead man’s notebook with anatomical sketches, lightning outside the window. Dark hand-drawn coloured-pencil illustration on black-toned paper. Visible pencil strokes and cross-hatching, waxy layered colour, soft grain of the paper showing through. Gothic 1819 Paris, Mary Shelley mood. Low-key candlelit lighting: a single warm light source (candle, lantern or lamp) carving figures out of near-black shadow. Muted palette of soot black, bruised plum, oxblood red, tarnished brass and bone white, with one small accent of cold galvanic blue where electricity or life appears. Subtle vignette fading to black at the edges. Melancholic, unsettling, quietly beautiful rather than gory: wounds and death are suggested with restraint, never graphic. Hand-made imperfections, no digital gloss. Format: 4:3 landscape, one clear object or moment in close-up, simple dark background. | J14: =Style!$B$4 -> text, letters, words, captions, logos, watermark, signature, card frame, border, UI, photorealistic, 3D render, CGI, glossy, airbrushed, smooth digital painting, anime, cartoon, chibi, bright saturated colours, daylight, white background, gore, exposed organs in detail, modern clothing, modern objects | K14: 4:3 | L14: event-12.png
A15: Event 13 | B15: All Saints’ Day | C15: 1 | D15: 6 | G15: Cemetery, Morgue, Hospital cadavers, Hospital Thieves and Body Snatchers all cost 1 extra humanity. | H15: Candles on graves on All Saints’ night, mourners in black | I15: =H15&". "&Style!$B$2&" "&Style!$B$9 -> Candles on graves on All Saints’ night, mourners in black. Dark hand-drawn coloured-pencil illustration on black-toned paper. Visible pencil strokes and cross-hatching, waxy layered colour, soft grain of the paper showing through. Gothic 1819 Paris, Mary Shelley mood. Low-key candlelit lighting: a single warm light source (candle, lantern or lamp) carving figures out of near-black shadow. Muted palette of soot black, bruised plum, oxblood red, tarnished brass and bone white, with one small accent of cold galvanic blue where electricity or life appears. Subtle vignette fading to black at the edges. Melancholic, unsettling, quietly beautiful rather than gory: wounds and death are suggested with restraint, never graphic. Hand-made imperfections, no digital gloss. Format: 4:3 landscape, one clear object or moment in close-up, simple dark background. | J15: =Style!$B$4 -> text, letters, words, captions, logos, watermark, signature, card frame, border, UI, photorealistic, 3D render, CGI, glossy, airbrushed, smooth digital painting, anime, cartoon, chibi, bright saturated colours, daylight, white background, gore, exposed organs in detail, modern clothing, modern objects | K15: 4:3 | L15: event-13.png
A16: Event 14 | B16: A Widow’s Bequest | C16: 1 | D16: 5 | F16: Yes | G16: Research and lectures at the Academy pay 2f extra. | H16: A widow in black handing a purse to a professor, a guillotine visible through the window | I16: =H16&". "&Style!$B$2&" "&Style!$B$9 -> A widow in black handing a purse to a professor, a guillotine visible through the window. Dark hand-drawn coloured-pencil illustration on black-toned paper. Visible pencil strokes and cross-hatching, waxy layered colour, soft grain of the paper showing through. Gothic 1819 Paris, Mary Shelley mood. Low-key candlelit lighting: a single warm light source (candle, lantern or lamp) carving figures out of near-black shadow. Muted palette of soot black, bruised plum, oxblood red, tarnished brass and bone white, with one small accent of cold galvanic blue where electricity or life appears. Subtle vignette fading to black at the edges. Melancholic, unsettling, quietly beautiful rather than gory: wounds and death are suggested with restraint, never graphic. Hand-made imperfections, no digital gloss. Format: 4:3 landscape, one clear object or moment in close-up, simple dark background. | J16: =Style!$B$4 -> text, letters, words, captions, logos, watermark, signature, card frame, border, UI, photorealistic, 3D render, CGI, glossy, airbrushed, smooth digital painting, anime, cartoon, chibi, bright saturated colours, daylight, white background, gore, exposed organs in detail, modern clothing, modern objects | K16: 4:3 | L16: event-14.png
A17: Event 15 | B17: The Captain’s Wrath | C17: 7 | D17: 12 | F17: Yes | G17: Anyone with humanity below 3 loses 1 Leyden jar. | H17: An old sea captain smashing a Leyden jar with the butt of his pistol | I17: =H17&". "&Style!$B$2&" "&Style!$B$9 -> An old sea captain smashing a Leyden jar with the butt of his pistol. Dark hand-drawn coloured-pencil illustration on black-toned paper. Visible pencil strokes and cross-hatching, waxy layered colour, soft grain of the paper showing through. Gothic 1819 Paris, Mary Shelley mood. Low-key candlelit lighting: a single warm light source (candle, lantern or lamp) carving figures out of near-black shadow. Muted palette of soot black, bruised plum, oxblood red, tarnished brass and bone white, with one small accent of cold galvanic blue where electricity or life appears. Subtle vignette fading to black at the edges. Melancholic, unsettling, quietly beautiful rather than gory: wounds and death are suggested with restraint, never graphic. Hand-made imperfections, no digital gloss. Format: 4:3 landscape, one clear object or moment in close-up, simple dark background. | J17: =Style!$B$4 -> text, letters, words, captions, logos, watermark, signature, card frame, border, UI, photorealistic, 3D render, CGI, glossy, airbrushed, smooth digital painting, anime, cartoon, chibi, bright saturated colours, daylight, white background, gore, exposed organs in detail, modern clothing, modern objects | K17: 4:3 | L17: event-15.png
A18: Event 16 | B18: Opening Night at the Odéon | C18: 5 | D18: 12 | G18: The theatre is a new location today: +2 reputation. Each player may go once. Anyone there can be bumped for free and goes home. | H18: The Théâtre de l’Odéon lit for opening night, carriages and a crowd | I18: =H18&". "&Style!$B$2&" "&Style!$B$9 -> The Théâtre de l’Odéon lit for opening night, carriages and a crowd. Dark hand-drawn coloured-pencil illustration on black-toned paper. Visible pencil strokes and cross-hatching, waxy layered colour, soft grain of the paper showing through. Gothic 1819 Paris, Mary Shelley mood. Low-key candlelit lighting: a single warm light source (candle, lantern or lamp) carving figures out of near-black shadow. Muted palette of soot black, bruised plum, oxblood red, tarnished brass and bone white, with one small accent of cold galvanic blue where electricity or life appears. Subtle vignette fading to black at the edges. Melancholic, unsettling, quietly beautiful rather than gory: wounds and death are suggested with restraint, never graphic. Hand-made imperfections, no digital gloss. Format: 4:3 landscape, one clear object or moment in close-up, simple dark background. | J18: =Style!$B$4 -> text, letters, words, captions, logos, watermark, signature, card frame, border, UI, photorealistic, 3D render, CGI, glossy, airbrushed, smooth digital painting, anime, cartoon, chibi, bright saturated colours, daylight, white background, gore, exposed organs in detail, modern clothing, modern objects | K18: 4:3 | L18: event-16.png
A19: Event 17 | B19: The Flesh Is Willing | C19: 7 | D19: 12 | F19: Yes | G19: Every throw of the switch may re-roll up to 2 dice for free. | H19: A stitched body on a slab, its fingers beginning to curl toward a blue spark | I19: =H19&". "&Style!$B$2&" "&Style!$B$9 -> A stitched body on a slab, its fingers beginning to curl toward a blue spark. Dark hand-drawn coloured-pencil illustration on black-toned paper. Visible pencil strokes and cross-hatching, waxy layered colour, soft grain of the paper showing through. Gothic 1819 Paris, Mary Shelley mood. Low-key candlelit lighting: a single warm light source (candle, lantern or lamp) carving figures out of near-black shadow. Muted palette of soot black, bruised plum, oxblood red, tarnished brass and bone white, with one small accent of cold galvanic blue where electricity or life appears. Subtle vignette fading to black at the edges. Melancholic, unsettling, quietly beautiful rather than gory: wounds and death are suggested with restraint, never graphic. Hand-made imperfections, no digital gloss. Format: 4:3 landscape, one clear object or moment in close-up, simple dark background. | J19: =Style!$B$4 -> text, letters, words, captions, logos, watermark, signature, card frame, border, UI, photorealistic, 3D render, CGI, glossy, airbrushed, smooth digital painting, anime, cartoon, chibi, bright saturated colours, daylight, white background, gore, exposed organs in detail, modern clothing, modern objects | K19: 4:3 | L19: event-17.png
A20: Event 18 | B20: Storm from the Sea | C20: 7 | D20: 12 | E20: Yes | G20: The Cemetery and the Docks are closed. | H20: A storm sweeping in from the sea over the Seine, boats tossed, lightning | I20: =H20&". "&Style!$B$2&" "&Style!$B$9 -> A storm sweeping in from the sea over the Seine, boats tossed, lightning. Dark hand-drawn coloured-pencil illustration on black-toned paper. Visible pencil strokes and cross-hatching, waxy layered colour, soft grain of the paper showing through. Gothic 1819 Paris, Mary Shelley mood. Low-key candlelit lighting: a single warm light source (candle, lantern or lamp) carving figures out of near-black shadow. Muted palette of soot black, bruised plum, oxblood red, tarnished brass and bone white, with one small accent of cold galvanic blue where electricity or life appears. Subtle vignette fading to black at the edges. Melancholic, unsettling, quietly beautiful rather than gory: wounds and death are suggested with restraint, never graphic. Hand-made imperfections, no digital gloss. Format: 4:3 landscape, one clear object or moment in close-up, simple dark background. | J20: =Style!$B$4 -> text, letters, words, captions, logos, watermark, signature, card frame, border, UI, photorealistic, 3D render, CGI, glossy, airbrushed, smooth digital painting, anime, cartoon, chibi, bright saturated colours, daylight, white background, gore, exposed organs in detail, modern clothing, modern objects | K20: 4:3 | L20: event-18.png
A21: Event 19 | B21: Inquiry at the Hospital | C21: 6 | D21: 12 | F21: Yes | G21: The Hospital is closed. | H21: Gendarmes sealing the hospital doors with a notice of inquiry | I21: =H21&". "&Style!$B$2&" "&Style!$B$9 -> Gendarmes sealing the hospital doors with a notice of inquiry. Dark hand-drawn coloured-pencil illustration on black-toned paper. Visible pencil strokes and cross-hatching, waxy layered colour, soft grain of the paper showing through. Gothic 1819 Paris, Mary Shelley mood. Low-key candlelit lighting: a single warm light source (candle, lantern or lamp) carving figures out of near-black shadow. Muted palette of soot black, bruised plum, oxblood red, tarnished brass and bone white, with one small accent of cold galvanic blue where electricity or life appears. Subtle vignette fading to black at the edges. Melancholic, unsettling, quietly beautiful rather than gory: wounds and death are suggested with restraint, never graphic. Hand-made imperfections, no digital gloss. Format: 4:3 landscape, one clear object or moment in close-up, simple dark background. | J21: =Style!$B$4 -> text, letters, words, captions, logos, watermark, signature, card frame, border, UI, photorealistic, 3D render, CGI, glossy, airbrushed, smooth digital painting, anime, cartoon, chibi, bright saturated colours, daylight, white background, gore, exposed organs in detail, modern clothing, modern objects | K21: 4:3 | L21: event-19.png

Sheet Encounters
A1: Numbers follow the physical game (read from the Tabletop Simulator sheets). Names, wording and art are original to The Second Spark.
A2: Card | B2: Visitor | C2: From day | D2: To day | E2: Trigger / target | F2: Story | G2: Choice or test | H2: Outcome A | I2: Outcome B | J2: Illustration subject | K2: Prompt (ready to paste) | L2: Negative prompt | M2: Aspect | N2: File name
A3: Encounter 01 | B3: The Creature | C3: 7 | D3: 12 | E3: Now: maxExp | F3: The Creature leans on your door, bleeding. “Tend to me, doctor.” | G3: Stitch him up / Turn him away | H3: -2 muscle/organ, +3f | I3: Lose 1 meeple today; Captain +1 | J3: The Creature, huge and scarred, leaning bleeding in a doorway, a hand pressed to his side | K3: =J3&". "&Style!$B$2&" "&Style!$B$9 -> The Creature, huge and scarred, leaning bleeding in a doorway, a hand pressed to his side. Dark hand-drawn coloured-pencil illustration on black-toned paper. Visible pencil strokes and cross-hatching, waxy layered colour, soft grain of the paper showing through. Gothic 1819 Paris, Mary Shelley mood. Low-key candlelit lighting: a single warm light source (candle, lantern or lamp) carving figures out of near-black shadow. Muted palette of soot black, bruised plum, oxblood red, tarnished brass and bone white, with one small accent of cold galvanic blue where electricity or life appears. Subtle vignette fading to black at the edges. Melancholic, unsettling, quietly beautiful rather than gory: wounds and death are suggested with restraint, never graphic. Hand-made imperfections, no digital gloss. Format: 4:3 landscape, one clear object or moment in close-up, simple dark background. | L3: =Style!$B$4 -> text, letters, words, captions, logos, watermark, signature, card frame, border, UI, photorealistic, 3D render, CGI, glossy, airbrushed, smooth digital painting, anime, cartoon, chibi, bright saturated colours, daylight, white background, gore, exposed organs in detail, modern clothing, modern objects | M3: 4:3 | N3: encounter-01.png
A4: Encounter 02 | B4: The Creature | C4: 7 | D4: 12 | E4: Now: fewestComplete | F4: “Your progress is lacking. Come with me.” You have no choice. | G4: No choice | H4: +4 human materials (I), -2 humanity | J4: The Creature in a shadowed corner of a laboratory, beckoning | K4: =J4&". "&Style!$B$2&" "&Style!$B$9 -> The Creature in a shadowed corner of a laboratory, beckoning. Dark hand-drawn coloured-pencil illustration on black-toned paper. Visible pencil strokes and cross-hatching, waxy layered colour, soft grain of the paper showing through. Gothic 1819 Paris, Mary Shelley mood. Low-key candlelit lighting: a single warm light source (candle, lantern or lamp) carving figures out of near-black shadow. Muted palette of soot black, bruised plum, oxblood red, tarnished brass and bone white, with one small accent of cold galvanic blue where electricity or life appears. Subtle vignette fading to black at the edges. Melancholic, unsettling, quietly beautiful rather than gory: wounds and death are suggested with restraint, never graphic. Hand-made imperfections, no digital gloss. Format: 4:3 landscape, one clear object or moment in close-up, simple dark background. | L4: =Style!$B$4 -> text, letters, words, captions, logos, watermark, signature, card frame, border, UI, photorealistic, 3D render, CGI, glossy, airbrushed, smooth digital painting, anime, cartoon, chibi, bright saturated colours, daylight, white background, gore, exposed organs in detail, modern clothing, modern objects | M4: 4:3 | N4: encounter-02.png
A5: Encounter 03 | B5: Captain Walton | C5: 7 | D5: 12 | E5: Now: maxHum | F5: A boy presses a note into your hand: “Meet me at the docks. R.W.” | G5: Go to the Docks / Burn the note | H5: First player; scientist at the Docks; humanity card, +1 humanity, +2f | I5: Captain -1 step, -1 humanity | J5: A boy pressing a folded note into a hand on a crowded boulevard | K5: =J5&". "&Style!$B$2&" "&Style!$B$9 -> A boy pressing a folded note into a hand on a crowded boulevard. Dark hand-drawn coloured-pencil illustration on black-toned paper. Visible pencil strokes and cross-hatching, waxy layered colour, soft grain of the paper showing through. Gothic 1819 Paris, Mary Shelley mood. Low-key candlelit lighting: a single warm light source (candle, lantern or lamp) carving figures out of near-black shadow. Muted palette of soot black, bruised plum, oxblood red, tarnished brass and bone white, with one small accent of cold galvanic blue where electricity or life appears. Subtle vignette fading to black at the edges. Melancholic, unsettling, quietly beautiful rather than gory: wounds and death are suggested with restraint, never graphic. Hand-made imperfections, no digital gloss. Format: 4:3 landscape, one clear object or moment in close-up, simple dark background. | L5: =Style!$B$4 -> text, letters, words, captions, logos, watermark, signature, card frame, border, UI, photorealistic, 3D render, CGI, glossy, airbrushed, smooth digital painting, anime, cartoon, chibi, bright saturated colours, daylight, white background, gore, exposed organs in detail, modern clothing, modern objects | M5: 4:3 | N5: encounter-03.png
A6: Encounter 04 | B6: The Creature | C6: 6 | D6: 12 | E6: Now: fpOther | F6: Lightning shows a shape in the window. “Are the angels angry, doctor?” | G6: Test: 2 or more parts alive | H6: Become first player | I6: Draw 2 research cards | J6: The Creature’s silhouette in a rain-lashed window lit by lightning | K6: =J6&". "&Style!$B$2&" "&Style!$B$9 -> The Creature’s silhouette in a rain-lashed window lit by lightning. Dark hand-drawn coloured-pencil illustration on black-toned paper. Visible pencil strokes and cross-hatching, waxy layered colour, soft grain of the paper showing through. Gothic 1819 Paris, Mary Shelley mood. Low-key candlelit lighting: a single warm light source (candle, lantern or lamp) carving figures out of near-black shadow. Muted palette of soot black, bruised plum, oxblood red, tarnished brass and bone white, with one small accent of cold galvanic blue where electricity or life appears. Subtle vignette fading to black at the edges. Melancholic, unsettling, quietly beautiful rather than gory: wounds and death are suggested with restraint, never graphic. Hand-made imperfections, no digital gloss. Format: 4:3 landscape, one clear object or moment in close-up, simple dark background. | L6: =Style!$B$4 -> text, letters, words, captions, logos, watermark, signature, card frame, border, UI, photorealistic, 3D render, CGI, glossy, airbrushed, smooth digital painting, anime, cartoon, chibi, bright saturated colours, daylight, white background, gore, exposed organs in detail, modern clothing, modern objects | M6: 4:3 | N6: encounter-04.png
A7: Encounter 05 | B7: The Creature | C7: 7 | D7: 12 | E7: Now: fp | F7: A heat wave. The stench is unbearable. “No ice, doctor?” | G7: Test: 3 or more complete parts | H7: +1 empty jar (max 4) | I7: Scientist must Give Blood now: +5 blood (I) | J7: A sweltering laboratory, flies over a slab, the Creature fanning the air | K7: =J7&". "&Style!$B$2&" "&Style!$B$9 -> A sweltering laboratory, flies over a slab, the Creature fanning the air. Dark hand-drawn coloured-pencil illustration on black-toned paper. Visible pencil strokes and cross-hatching, waxy layered colour, soft grain of the paper showing through. Gothic 1819 Paris, Mary Shelley mood. Low-key candlelit lighting: a single warm light source (candle, lantern or lamp) carving figures out of near-black shadow. Muted palette of soot black, bruised plum, oxblood red, tarnished brass and bone white, with one small accent of cold galvanic blue where electricity or life appears. Subtle vignette fading to black at the edges. Melancholic, unsettling, quietly beautiful rather than gory: wounds and death are suggested with restraint, never graphic. Hand-made imperfections, no digital gloss. Format: 4:3 landscape, one clear object or moment in close-up, simple dark background. | L7: =Style!$B$4 -> text, letters, words, captions, logos, watermark, signature, card frame, border, UI, photorealistic, 3D render, CGI, glossy, airbrushed, smooth digital painting, anime, cartoon, chibi, bright saturated colours, daylight, white background, gore, exposed organs in detail, modern clothing, modern objects | M7: 4:3 | N7: encounter-05.png
A8: Encounter 06 | B8: The Creature | C8: 8 | D8: 12 | E8: Now: fp | F8: He walks in with a dripping bag. “Are you pleased with your progress?” | G8: Test: 4 or more complete parts | H8: +1 organ, +2 muscle (I), -1 humanity | I8: +1 organ (I), +1 humanity | J8: The Creature walking into a laboratory with a dripping sack | K8: =J8&". "&Style!$B$2&" "&Style!$B$9 -> The Creature walking into a laboratory with a dripping sack. Dark hand-drawn coloured-pencil illustration on black-toned paper. Visible pencil strokes and cross-hatching, waxy layered colour, soft grain of the paper showing through. Gothic 1819 Paris, Mary Shelley mood. Low-key candlelit lighting: a single warm light source (candle, lantern or lamp) carving figures out of near-black shadow. Muted palette of soot black, bruised plum, oxblood red, tarnished brass and bone white, with one small accent of cold galvanic blue where electricity or life appears. Subtle vignette fading to black at the edges. Melancholic, unsettling, quietly beautiful rather than gory: wounds and death are suggested with restraint, never graphic. Hand-made imperfections, no digital gloss. Format: 4:3 landscape, one clear object or moment in close-up, simple dark background. | L8: =Style!$B$4 -> text, letters, words, captions, logos, watermark, signature, card frame, border, UI, photorealistic, 3D render, CGI, glossy, airbrushed, smooth digital painting, anime, cartoon, chibi, bright saturated colours, daylight, white background, gore, exposed organs in detail, modern clothing, modern objects | M8: 4:3 | N8: encounter-06.png
A9: Encounter 07 | B9: Captain Walton | C9: 7 | D9: 12 | E9: Now: fp | F9: The Captain bursts in, bleeding, and hides from the Creature behind your shelves. | G9: Give him up / Hide him | H9: -2 humanity, lose 1 jar | I9: -1 expertise, +2 humanity | J9: An old sea captain bleeding from the arm, crouching behind laboratory shelves with a pistol | K9: =J9&". "&Style!$B$2&" "&Style!$B$9 -> An old sea captain bleeding from the arm, crouching behind laboratory shelves with a pistol. Dark hand-drawn coloured-pencil illustration on black-toned paper. Visible pencil strokes and cross-hatching, waxy layered colour, soft grain of the paper showing through. Gothic 1819 Paris, Mary Shelley mood. Low-key candlelit lighting: a single warm light source (candle, lantern or lamp) carving figures out of near-black shadow. Muted palette of soot black, bruised plum, oxblood red, tarnished brass and bone white, with one small accent of cold galvanic blue where electricity or life appears. Subtle vignette fading to black at the edges. Melancholic, unsettling, quietly beautiful rather than gory: wounds and death are suggested with restraint, never graphic. Hand-made imperfections, no digital gloss. Format: 4:3 landscape, one clear object or moment in close-up, simple dark background. | L9: =Style!$B$4 -> text, letters, words, captions, logos, watermark, signature, card frame, border, UI, photorealistic, 3D render, CGI, glossy, airbrushed, smooth digital painting, anime, cartoon, chibi, bright saturated colours, daylight, white background, gore, exposed organs in detail, modern clothing, modern objects | M9: 4:3 | N9: encounter-07.png
A10: Encounter 08 | B10: Captain Walton | C10: 7 | D10: 12 | E10: Secret: academy.adv | F10: In the library, the Captain finds you: “This fiend is no Prometheus.” | G10: Stay and listen / Leave with your books | H10: No benefit; +2 humanity | I10: No benefit; -1 humanity, draw 1 research | J10: An old sea captain confronting a scholar between tall library shelves | K10: =J10&". "&Style!$B$2&" "&Style!$B$9 -> An old sea captain confronting a scholar between tall library shelves. Dark hand-drawn coloured-pencil illustration on black-toned paper. Visible pencil strokes and cross-hatching, waxy layered colour, soft grain of the paper showing through. Gothic 1819 Paris, Mary Shelley mood. Low-key candlelit lighting: a single warm light source (candle, lantern or lamp) carving figures out of near-black shadow. Muted palette of soot black, bruised plum, oxblood red, tarnished brass and bone white, with one small accent of cold galvanic blue where electricity or life appears. Subtle vignette fading to black at the edges. Melancholic, unsettling, quietly beautiful rather than gory: wounds and death are suggested with restraint, never graphic. Hand-made imperfections, no digital gloss. Format: 4:3 landscape, one clear object or moment in close-up, simple dark background. | L10: =Style!$B$4 -> text, letters, words, captions, logos, watermark, signature, card frame, border, UI, photorealistic, 3D render, CGI, glossy, airbrushed, smooth digital painting, anime, cartoon, chibi, bright saturated colours, daylight, white background, gore, exposed organs in detail, modern clothing, modern objects | M10: 4:3 | N10: encounter-08.png
A11: Encounter 09 | B11: The Creature | C11: 8 | D11: 12 | E11: Secret: hospital.retrieve | F11: Screams upstairs: a massacre near the Bastille. The wards overflow with the dying. | G11: Claim the dead / Help the living | H11: Retrieve plus 2 extra bodies, -1 humanity | I11: No benefit; +3 humanity, +1f | J11: A hospital stairwell crowded with the dying after a massacre, nurses running | K11: =J11&". "&Style!$B$2&" "&Style!$B$9 -> A hospital stairwell crowded with the dying after a massacre, nurses running. Dark hand-drawn coloured-pencil illustration on black-toned paper. Visible pencil strokes and cross-hatching, waxy layered colour, soft grain of the paper showing through. Gothic 1819 Paris, Mary Shelley mood. Low-key candlelit lighting: a single warm light source (candle, lantern or lamp) carving figures out of near-black shadow. Muted palette of soot black, bruised plum, oxblood red, tarnished brass and bone white, with one small accent of cold galvanic blue where electricity or life appears. Subtle vignette fading to black at the edges. Melancholic, unsettling, quietly beautiful rather than gory: wounds and death are suggested with restraint, never graphic. Hand-made imperfections, no digital gloss. Format: 4:3 landscape, one clear object or moment in close-up, simple dark background. | L11: =Style!$B$4 -> text, letters, words, captions, logos, watermark, signature, card frame, border, UI, photorealistic, 3D render, CGI, glossy, airbrushed, smooth digital painting, anime, cartoon, chibi, bright saturated colours, daylight, white background, gore, exposed organs in detail, modern clothing, modern objects | M11: 4:3 | N11: encounter-09.png
A12: Encounter 10 | B12: A stranger | C12: 6 | D12: 12 | E12: Secret: docks.hire | F12: A woman steps out of the fog by the river. “Looking for something, doctor?” | G12: Ask her help / Walk on | H12: No benefit; pay 1f or -1 rep; hire any scoundrel | I12: No benefit; -2f | J12: A woman in a dark hood stepping out of river fog by the quay | K12: =J12&". "&Style!$B$2&" "&Style!$B$9 -> A woman in a dark hood stepping out of river fog by the quay. Dark hand-drawn coloured-pencil illustration on black-toned paper. Visible pencil strokes and cross-hatching, waxy layered colour, soft grain of the paper showing through. Gothic 1819 Paris, Mary Shelley mood. Low-key candlelit lighting: a single warm light source (candle, lantern or lamp) carving figures out of near-black shadow. Muted palette of soot black, bruised plum, oxblood red, tarnished brass and bone white, with one small accent of cold galvanic blue where electricity or life appears. Subtle vignette fading to black at the edges. Melancholic, unsettling, quietly beautiful rather than gory: wounds and death are suggested with restraint, never graphic. Hand-made imperfections, no digital gloss. Format: 4:3 landscape, one clear object or moment in close-up, simple dark background. | L12: =Style!$B$4 -> text, letters, words, captions, logos, watermark, signature, card frame, border, UI, photorealistic, 3D render, CGI, glossy, airbrushed, smooth digital painting, anime, cartoon, chibi, bright saturated colours, daylight, white background, gore, exposed organs in detail, modern clothing, modern objects | M12: 4:3 | N12: encounter-10.png
A13: Encounter 11 | B13: The Creature | C13: 5 | D13: 12 | E13: Now: fpWithPart | F13: “Please, don’t let me interrupt.” He watches you work. | G13: Test: at least 1 part alive | H13: +3f | I13: Downgrade one part one step | J13: The Creature sitting quietly in the corner of a laboratory, watching | K13: =J13&". "&Style!$B$2&" "&Style!$B$9 -> The Creature sitting quietly in the corner of a laboratory, watching. Dark hand-drawn coloured-pencil illustration on black-toned paper. Visible pencil strokes and cross-hatching, waxy layered colour, soft grain of the paper showing through. Gothic 1819 Paris, Mary Shelley mood. Low-key candlelit lighting: a single warm light source (candle, lantern or lamp) carving figures out of near-black shadow. Muted palette of soot black, bruised plum, oxblood red, tarnished brass and bone white, with one small accent of cold galvanic blue where electricity or life appears. Subtle vignette fading to black at the edges. Melancholic, unsettling, quietly beautiful rather than gory: wounds and death are suggested with restraint, never graphic. Hand-made imperfections, no digital gloss. Format: 4:3 landscape, one clear object or moment in close-up, simple dark background. | L13: =Style!$B$4 -> text, letters, words, captions, logos, watermark, signature, card frame, border, UI, photorealistic, 3D render, CGI, glossy, airbrushed, smooth digital painting, anime, cartoon, chibi, bright saturated colours, daylight, white background, gore, exposed organs in detail, modern clothing, modern objects | M13: 4:3 | N13: encounter-11.png
A14: Encounter 12 | B14: Captain Walton | C14: 7 | D14: 12 | E14: Now: lastDark | F14: The Captain sits by your bed with a pistol. “Rediscover your humanity, or be ruined.” | G14: Agree to help / Refuse | H14: First player; meeple to Saint-Roch; no humanity loss today | I14: -2 humanity (else everyone else +1) | J14: An old sea captain sitting by a bed at night with a pistol across his lap | K14: =J14&". "&Style!$B$2&" "&Style!$B$9 -> An old sea captain sitting by a bed at night with a pistol across his lap. Dark hand-drawn coloured-pencil illustration on black-toned paper. Visible pencil strokes and cross-hatching, waxy layered colour, soft grain of the paper showing through. Gothic 1819 Paris, Mary Shelley mood. Low-key candlelit lighting: a single warm light source (candle, lantern or lamp) carving figures out of near-black shadow. Muted palette of soot black, bruised plum, oxblood red, tarnished brass and bone white, with one small accent of cold galvanic blue where electricity or life appears. Subtle vignette fading to black at the edges. Melancholic, unsettling, quietly beautiful rather than gory: wounds and death are suggested with restraint, never graphic. Hand-made imperfections, no digital gloss. Format: 4:3 landscape, one clear object or moment in close-up, simple dark background. | L14: =Style!$B$4 -> text, letters, words, captions, logos, watermark, signature, card frame, border, UI, photorealistic, 3D render, CGI, glossy, airbrushed, smooth digital painting, anime, cartoon, chibi, bright saturated colours, daylight, white background, gore, exposed organs in detail, modern clothing, modern objects | M14: 4:3 | N14: encounter-12.png
A15: Encounter 13 | B15: The Creature | C15: 6 | D15: 12 | E15: Now: fp | F15: He flips through your books. “Without proper study, doctor? Or fairy tales?” | G15: Test: expertise 13 or more | H15: Draw 1 research | I15: Scientist must Practice now: +2 expertise | J15: The Creature hurling a book that bursts into a cloud of pages | K15: =J15&". "&Style!$B$2&" "&Style!$B$9 -> The Creature hurling a book that bursts into a cloud of pages. Dark hand-drawn coloured-pencil illustration on black-toned paper. Visible pencil strokes and cross-hatching, waxy layered colour, soft grain of the paper showing through. Gothic 1819 Paris, Mary Shelley mood. Low-key candlelit lighting: a single warm light source (candle, lantern or lamp) carving figures out of near-black shadow. Muted palette of soot black, bruised plum, oxblood red, tarnished brass and bone white, with one small accent of cold galvanic blue where electricity or life appears. Subtle vignette fading to black at the edges. Melancholic, unsettling, quietly beautiful rather than gory: wounds and death are suggested with restraint, never graphic. Hand-made imperfections, no digital gloss. Format: 4:3 landscape, one clear object or moment in close-up, simple dark background. | L15: =Style!$B$4 -> text, letters, words, captions, logos, watermark, signature, card frame, border, UI, photorealistic, 3D render, CGI, glossy, airbrushed, smooth digital painting, anime, cartoon, chibi, bright saturated colours, daylight, white background, gore, exposed organs in detail, modern clothing, modern objects | M15: 4:3 | N15: encounter-13.png
A16: Encounter 14 | B16: The Creature | C16: 7 | D16: 12 | E16: Now: mostHumCards | F16: “I wonder about your loyalty. Some assistance, perhaps?” He holds out a bag. | G16: Take the bag / Refuse it | H16: +1 muscle, organ, blood (II), +1 bone, -2 humanity | I16: Next player gains 1 of each (I); +1 humanity | J16: The Creature holding out a heavy burlap bag that moves | K16: =J16&". "&Style!$B$2&" "&Style!$B$9 -> The Creature holding out a heavy burlap bag that moves. Dark hand-drawn coloured-pencil illustration on black-toned paper. Visible pencil strokes and cross-hatching, waxy layered colour, soft grain of the paper showing through. Gothic 1819 Paris, Mary Shelley mood. Low-key candlelit lighting: a single warm light source (candle, lantern or lamp) carving figures out of near-black shadow. Muted palette of soot black, bruised plum, oxblood red, tarnished brass and bone white, with one small accent of cold galvanic blue where electricity or life appears. Subtle vignette fading to black at the edges. Melancholic, unsettling, quietly beautiful rather than gory: wounds and death are suggested with restraint, never graphic. Hand-made imperfections, no digital gloss. Format: 4:3 landscape, one clear object or moment in close-up, simple dark background. | L16: =Style!$B$4 -> text, letters, words, captions, logos, watermark, signature, card frame, border, UI, photorealistic, 3D render, CGI, glossy, airbrushed, smooth digital painting, anime, cartoon, chibi, bright saturated colours, daylight, white background, gore, exposed organs in detail, modern clothing, modern objects | M16: 4:3 | N16: encounter-14.png
A17: Encounter 15 | B17: The Creature | C17: 1 | D17: 5 | E17: Secret: cemetery.dig | F17: Something watches from the dark as you dig. The open grave holds three bodies, too fresh. | G17: Climb into the grave / Dig elsewhere | H17: Redraw bones; all stage I; 1 humanity total | I17: Draw only 2; no humanity costs | J17: An open grave at night with three pale fresh bodies, eyes watching from the dark | K17: =J17&". "&Style!$B$2&" "&Style!$B$9 -> An open grave at night with three pale fresh bodies, eyes watching from the dark. Dark hand-drawn coloured-pencil illustration on black-toned paper. Visible pencil strokes and cross-hatching, waxy layered colour, soft grain of the paper showing through. Gothic 1819 Paris, Mary Shelley mood. Low-key candlelit lighting: a single warm light source (candle, lantern or lamp) carving figures out of near-black shadow. Muted palette of soot black, bruised plum, oxblood red, tarnished brass and bone white, with one small accent of cold galvanic blue where electricity or life appears. Subtle vignette fading to black at the edges. Melancholic, unsettling, quietly beautiful rather than gory: wounds and death are suggested with restraint, never graphic. Hand-made imperfections, no digital gloss. Format: 4:3 landscape, one clear object or moment in close-up, simple dark background. | L17: =Style!$B$4 -> text, letters, words, captions, logos, watermark, signature, card frame, border, UI, photorealistic, 3D render, CGI, glossy, airbrushed, smooth digital painting, anime, cartoon, chibi, bright saturated colours, daylight, white background, gore, exposed organs in detail, modern clothing, modern objects | M17: 4:3 | N17: encounter-15.png

Sheet Characters
A1: Numbers follow the physical game (read from the Tabletop Simulator sheets). Names, wording and art are original to The Second Spark.
A2: Role | B2: Name | C2: Ability | D2: Illustration subject | E2: Prompt (ready to paste) | F2: Negative prompt | G2: Aspect | H2: File name
A3: Psychopath | B3: Lucien Vautrin | C3: Your humanity never moves from 0. Each time you get a second police marker, lose 1 reputation. | D3: Lucien Vautrin, a polished young man with a neat moustache and a cruel calm smile, a carnation in his lapel, bloodstain on his cuff, alive, eyes open, a living person | E3: =D3&". "&Style!$B$2&" "&Style!$B$6 -> Lucien Vautrin, a polished young man with a neat moustache and a cruel calm smile, a carnation in his lapel, bloodstain on his cuff, alive, eyes open, a living person. Dark hand-drawn coloured-pencil illustration on black-toned paper. Visible pencil strokes and cross-hatching, waxy layered colour, soft grain of the paper showing through. Gothic 1819 Paris, Mary Shelley mood. Low-key candlelit lighting: a single warm light source (candle, lantern or lamp) carving figures out of near-black shadow. Muted palette of soot black, bruised plum, oxblood red, tarnished brass and bone white, with one small accent of cold galvanic blue where electricity or life appears. Subtle vignette fading to black at the edges. Melancholic, unsettling, quietly beautiful rather than gory: wounds and death are suggested with restraint, never graphic. Hand-made imperfections, no digital gloss. Format: 2:3 portrait, head and shoulders, centred, lower 20% dark and simple. | F3: =Style!$B$4 -> text, letters, words, captions, logos, watermark, signature, card frame, border, UI, photorealistic, 3D render, CGI, glossy, airbrushed, smooth digital painting, anime, cartoon, chibi, bright saturated colours, daylight, white background, gore, exposed organs in detail, modern clothing, modern objects | G3: 2:3 | H3: character-psycho.png
A4: Zoologist | B4: Sir Bartholomew Pike | C4: Once per day: roll 1 extra gray die when you throw the switch, or charge 1 jar. | D4: Sir Bartholomew Pike, a weathered English naturalist in a top hat and travelling coat, an eel in a jar under his arm, alive, eyes open, a living person | E4: =D4&". "&Style!$B$2&" "&Style!$B$6 -> Sir Bartholomew Pike, a weathered English naturalist in a top hat and travelling coat, an eel in a jar under his arm, alive, eyes open, a living person. Dark hand-drawn coloured-pencil illustration on black-toned paper. Visible pencil strokes and cross-hatching, waxy layered colour, soft grain of the paper showing through. Gothic 1819 Paris, Mary Shelley mood. Low-key candlelit lighting: a single warm light source (candle, lantern or lamp) carving figures out of near-black shadow. Muted palette of soot black, bruised plum, oxblood red, tarnished brass and bone white, with one small accent of cold galvanic blue where electricity or life appears. Subtle vignette fading to black at the edges. Melancholic, unsettling, quietly beautiful rather than gory: wounds and death are suggested with restraint, never graphic. Hand-made imperfections, no digital gloss. Format: 2:3 portrait, head and shoulders, centred, lower 20% dark and simple. | F4: =Style!$B$4 -> text, letters, words, captions, logos, watermark, signature, card frame, border, UI, photorealistic, 3D render, CGI, glossy, airbrushed, smooth digital painting, anime, cartoon, chibi, bright saturated colours, daylight, white background, gore, exposed organs in detail, modern clothing, modern objects | G4: 2:3 | H4: character-zoo.png
A5: Charlatan | B5: Count Achille Duval | C5: Start with reputation 3. Gain 1 reputation each time you are bumped at the Academy. | D5: Count Achille Duval, a theatrical aristocrat in a top hat and fur collar, rings on every finger, alive, eyes open, a living person | E5: =D5&". "&Style!$B$2&" "&Style!$B$6 -> Count Achille Duval, a theatrical aristocrat in a top hat and fur collar, rings on every finger, alive, eyes open, a living person. Dark hand-drawn coloured-pencil illustration on black-toned paper. Visible pencil strokes and cross-hatching, waxy layered colour, soft grain of the paper showing through. Gothic 1819 Paris, Mary Shelley mood. Low-key candlelit lighting: a single warm light source (candle, lantern or lamp) carving figures out of near-black shadow. Muted palette of soot black, bruised plum, oxblood red, tarnished brass and bone white, with one small accent of cold galvanic blue where electricity or life appears. Subtle vignette fading to black at the edges. Melancholic, unsettling, quietly beautiful rather than gory: wounds and death are suggested with restraint, never graphic. Hand-made imperfections, no digital gloss. Format: 2:3 portrait, head and shoulders, centred, lower 20% dark and simple. | F5: =Style!$B$4 -> text, letters, words, captions, logos, watermark, signature, card frame, border, UI, photorealistic, 3D render, CGI, glossy, airbrushed, smooth digital painting, anime, cartoon, chibi, bright saturated colours, daylight, white background, gore, exposed organs in detail, modern clothing, modern objects | G5: 2:3 | H5: character-charlatan.png
A6: Humanitarian | B6: Amara Okafor | C6: Start with humanity 2. Gain 1 VP for each humanity you would gain while at 10. | D6: Amara Okafor, a calm West African physician in a dark dress with a doctor’s bag, warm steady gaze, alive, eyes open, a living person | E6: =D6&". "&Style!$B$2&" "&Style!$B$6 -> Amara Okafor, a calm West African physician in a dark dress with a doctor’s bag, warm steady gaze, alive, eyes open, a living person. Dark hand-drawn coloured-pencil illustration on black-toned paper. Visible pencil strokes and cross-hatching, waxy layered colour, soft grain of the paper showing through. Gothic 1819 Paris, Mary Shelley mood. Low-key candlelit lighting: a single warm light source (candle, lantern or lamp) carving figures out of near-black shadow. Muted palette of soot black, bruised plum, oxblood red, tarnished brass and bone white, with one small accent of cold galvanic blue where electricity or life appears. Subtle vignette fading to black at the edges. Melancholic, unsettling, quietly beautiful rather than gory: wounds and death are suggested with restraint, never graphic. Hand-made imperfections, no digital gloss. Format: 2:3 portrait, head and shoulders, centred, lower 20% dark and simple. | F6: =Style!$B$4 -> text, letters, words, captions, logos, watermark, signature, card frame, border, UI, photorealistic, 3D render, CGI, glossy, airbrushed, smooth digital painting, anime, cartoon, chibi, bright saturated colours, daylight, white background, gore, exposed organs in detail, modern clothing, modern objects | G6: 2:3 | H6: character-human.png
A7: Heiress | B7: Lucrezia Fontana | C7: Start of each day: +1f if you have 2 or less. Research cards that give expertise give 1 more. | D7: Lucrezia Fontana, a young Italian heiress in a wide-brimmed hat and pearls, an open anatomy book in her hands, alive, eyes open, a living person | E7: =D7&". "&Style!$B$2&" "&Style!$B$6 -> Lucrezia Fontana, a young Italian heiress in a wide-brimmed hat and pearls, an open anatomy book in her hands, alive, eyes open, a living person. Dark hand-drawn coloured-pencil illustration on black-toned paper. Visible pencil strokes and cross-hatching, waxy layered colour, soft grain of the paper showing through. Gothic 1819 Paris, Mary Shelley mood. Low-key candlelit lighting: a single warm light source (candle, lantern or lamp) carving figures out of near-black shadow. Muted palette of soot black, bruised plum, oxblood red, tarnished brass and bone white, with one small accent of cold galvanic blue where electricity or life appears. Subtle vignette fading to black at the edges. Melancholic, unsettling, quietly beautiful rather than gory: wounds and death are suggested with restraint, never graphic. Hand-made imperfections, no digital gloss. Format: 2:3 portrait, head and shoulders, centred, lower 20% dark and simple. | F7: =Style!$B$4 -> text, letters, words, captions, logos, watermark, signature, card frame, border, UI, photorealistic, 3D render, CGI, glossy, airbrushed, smooth digital painting, anime, cartoon, chibi, bright saturated colours, daylight, white background, gore, exposed organs in detail, modern clothing, modern objects | G7: 2:3 | H7: character-heiress.png
A8: Surgeon | B8: Dr Hélène Marchand | C8: Start with expertise 2. Once per night, build a part with 1 less material of your choice. | D8: Dr Hélène Marchand, a severe French surgeon in a blood-flecked leather apron, scalpel in hand, alive, eyes open, a living person | E8: =D8&". "&Style!$B$2&" "&Style!$B$6 -> Dr Hélène Marchand, a severe French surgeon in a blood-flecked leather apron, scalpel in hand, alive, eyes open, a living person. Dark hand-drawn coloured-pencil illustration on black-toned paper. Visible pencil strokes and cross-hatching, waxy layered colour, soft grain of the paper showing through. Gothic 1819 Paris, Mary Shelley mood. Low-key candlelit lighting: a single warm light source (candle, lantern or lamp) carving figures out of near-black shadow. Muted palette of soot black, bruised plum, oxblood red, tarnished brass and bone white, with one small accent of cold galvanic blue where electricity or life appears. Subtle vignette fading to black at the edges. Melancholic, unsettling, quietly beautiful rather than gory: wounds and death are suggested with restraint, never graphic. Hand-made imperfections, no digital gloss. Format: 2:3 portrait, head and shoulders, centred, lower 20% dark and simple. | F8: =Style!$B$4 -> text, letters, words, captions, logos, watermark, signature, card frame, border, UI, photorealistic, 3D render, CGI, glossy, airbrushed, smooth digital painting, anime, cartoon, chibi, bright saturated colours, daylight, white background, gore, exposed organs in detail, modern clothing, modern objects | G8: 2:3 | H8: character-surgeon.png

Sheet Locations
A1: Board art: 12 locations and 4 laboratory spaces.
A2: Name | B2: Type | C2: Real place | D2: Illustration subject | E2: Prompt (ready to paste) | F2: Negative prompt | G2: Aspect | H2: File name
A3: Cemetery | B3: Location | C3: Père Lachaise | D3: The Cemetery of Père Lachaise at night: leaning tombstones, a stone cross, a bare tree, a half-dug grave with a spade in the earth, a lantern on the ground | E3: =D3&". "&Style!$B$2&" "&Style!$B$8 -> The Cemetery of Père Lachaise at night: leaning tombstones, a stone cross, a bare tree, a half-dug grave with a spade in the earth, a lantern on the ground. Dark hand-drawn coloured-pencil illustration on black-toned paper. Visible pencil strokes and cross-hatching, waxy layered colour, soft grain of the paper showing through. Gothic 1819 Paris, Mary Shelley mood. Low-key candlelit lighting: a single warm light source (candle, lantern or lamp) carving figures out of near-black shadow. Muted palette of soot black, bruised plum, oxblood red, tarnished brass and bone white, with one small accent of cold galvanic blue where electricity or life appears. Subtle vignette fading to black at the edges. Melancholic, unsettling, quietly beautiful rather than gory: wounds and death are suggested with restraint, never graphic. Hand-made imperfections, no digital gloss. Format: 16:9 landscape, wide establishing view of the place at night, small figures at most. | F3: =Style!$B$4 -> text, letters, words, captions, logos, watermark, signature, card frame, border, UI, photorealistic, 3D render, CGI, glossy, airbrushed, smooth digital painting, anime, cartoon, chibi, bright saturated colours, daylight, white background, gore, exposed organs in detail, modern clothing, modern objects | G3: 16:9 | H3: location-cemetery.png
A4: Public Square | B4: Location | C4: Place de Grève | D4: The Place de Grève at night after an execution: the guillotine on its scaffold, the Hôtel de Ville behind, a dispersing crowd | E4: =D4&". "&Style!$B$2&" "&Style!$B$8 -> The Place de Grève at night after an execution: the guillotine on its scaffold, the Hôtel de Ville behind, a dispersing crowd. Dark hand-drawn coloured-pencil illustration on black-toned paper. Visible pencil strokes and cross-hatching, waxy layered colour, soft grain of the paper showing through. Gothic 1819 Paris, Mary Shelley mood. Low-key candlelit lighting: a single warm light source (candle, lantern or lamp) carving figures out of near-black shadow. Muted palette of soot black, bruised plum, oxblood red, tarnished brass and bone white, with one small accent of cold galvanic blue where electricity or life appears. Subtle vignette fading to black at the edges. Melancholic, unsettling, quietly beautiful rather than gory: wounds and death are suggested with restraint, never graphic. Hand-made imperfections, no digital gloss. Format: 16:9 landscape, wide establishing view of the place at night, small figures at most. | F4: =Style!$B$4 -> text, letters, words, captions, logos, watermark, signature, card frame, border, UI, photorealistic, 3D render, CGI, glossy, airbrushed, smooth digital painting, anime, cartoon, chibi, bright saturated colours, daylight, white background, gore, exposed organs in detail, modern clothing, modern objects | G4: 16:9 | H4: location-square.png
A5: Morgue | B5: Location | C5: Quai du Marché-Neuf | D5: The Paris Morgue: bodies on stone slabs under sheets, an arched window, a hanging lantern, a keeper with a ledger | E5: =D5&". "&Style!$B$2&" "&Style!$B$8 -> The Paris Morgue: bodies on stone slabs under sheets, an arched window, a hanging lantern, a keeper with a ledger. Dark hand-drawn coloured-pencil illustration on black-toned paper. Visible pencil strokes and cross-hatching, waxy layered colour, soft grain of the paper showing through. Gothic 1819 Paris, Mary Shelley mood. Low-key candlelit lighting: a single warm light source (candle, lantern or lamp) carving figures out of near-black shadow. Muted palette of soot black, bruised plum, oxblood red, tarnished brass and bone white, with one small accent of cold galvanic blue where electricity or life appears. Subtle vignette fading to black at the edges. Melancholic, unsettling, quietly beautiful rather than gory: wounds and death are suggested with restraint, never graphic. Hand-made imperfections, no digital gloss. Format: 16:9 landscape, wide establishing view of the place at night, small figures at most. | F5: =Style!$B$4 -> text, letters, words, captions, logos, watermark, signature, card frame, border, UI, photorealistic, 3D render, CGI, glossy, airbrushed, smooth digital painting, anime, cartoon, chibi, bright saturated colours, daylight, white background, gore, exposed organs in detail, modern clothing, modern objects | G5: 16:9 | H5: location-morgue.png
A6: Slaughterhouse | B6: Location | C6: Montmartre | D6: The Montmartre slaughterhouse: carcasses on hooks, a blood-dark floor drain, a butcher sharpening a cleaver | E6: =D6&". "&Style!$B$2&" "&Style!$B$8 -> The Montmartre slaughterhouse: carcasses on hooks, a blood-dark floor drain, a butcher sharpening a cleaver. Dark hand-drawn coloured-pencil illustration on black-toned paper. Visible pencil strokes and cross-hatching, waxy layered colour, soft grain of the paper showing through. Gothic 1819 Paris, Mary Shelley mood. Low-key candlelit lighting: a single warm light source (candle, lantern or lamp) carving figures out of near-black shadow. Muted palette of soot black, bruised plum, oxblood red, tarnished brass and bone white, with one small accent of cold galvanic blue where electricity or life appears. Subtle vignette fading to black at the edges. Melancholic, unsettling, quietly beautiful rather than gory: wounds and death are suggested with restraint, never graphic. Hand-made imperfections, no digital gloss. Format: 16:9 landscape, wide establishing view of the place at night, small figures at most. | F6: =Style!$B$4 -> text, letters, words, captions, logos, watermark, signature, card frame, border, UI, photorealistic, 3D render, CGI, glossy, airbrushed, smooth digital painting, anime, cartoon, chibi, bright saturated colours, daylight, white background, gore, exposed organs in detail, modern clothing, modern objects | G6: 16:9 | H6: location-slaughter.png
A7: Hospital | B7: Location | C7: Hôpital de la Charité | D7: The Hôpital de la Charité at night: a long ward of beds, sisters in white cornettes, a porter with a covered trolley | E7: =D7&". "&Style!$B$2&" "&Style!$B$8 -> The Hôpital de la Charité at night: a long ward of beds, sisters in white cornettes, a porter with a covered trolley. Dark hand-drawn coloured-pencil illustration on black-toned paper. Visible pencil strokes and cross-hatching, waxy layered colour, soft grain of the paper showing through. Gothic 1819 Paris, Mary Shelley mood. Low-key candlelit lighting: a single warm light source (candle, lantern or lamp) carving figures out of near-black shadow. Muted palette of soot black, bruised plum, oxblood red, tarnished brass and bone white, with one small accent of cold galvanic blue where electricity or life appears. Subtle vignette fading to black at the edges. Melancholic, unsettling, quietly beautiful rather than gory: wounds and death are suggested with restraint, never graphic. Hand-made imperfections, no digital gloss. Format: 16:9 landscape, wide establishing view of the place at night, small figures at most. | F7: =Style!$B$4 -> text, letters, words, captions, logos, watermark, signature, card frame, border, UI, photorealistic, 3D render, CGI, glossy, airbrushed, smooth digital painting, anime, cartoon, chibi, bright saturated colours, daylight, white background, gore, exposed organs in detail, modern clothing, modern objects | G7: 16:9 | H7: location-hospital.png
A8: Academy | B8: Location | C8: Institut de France | D8: The domed Institut de France on the Seine at night, lit windows, a scholar on the steps | E8: =D8&". "&Style!$B$2&" "&Style!$B$8 -> The domed Institut de France on the Seine at night, lit windows, a scholar on the steps. Dark hand-drawn coloured-pencil illustration on black-toned paper. Visible pencil strokes and cross-hatching, waxy layered colour, soft grain of the paper showing through. Gothic 1819 Paris, Mary Shelley mood. Low-key candlelit lighting: a single warm light source (candle, lantern or lamp) carving figures out of near-black shadow. Muted palette of soot black, bruised plum, oxblood red, tarnished brass and bone white, with one small accent of cold galvanic blue where electricity or life appears. Subtle vignette fading to black at the edges. Melancholic, unsettling, quietly beautiful rather than gory: wounds and death are suggested with restraint, never graphic. Hand-made imperfections, no digital gloss. Format: 16:9 landscape, wide establishing view of the place at night, small figures at most. | F8: =Style!$B$4 -> text, letters, words, captions, logos, watermark, signature, card frame, border, UI, photorealistic, 3D render, CGI, glossy, airbrushed, smooth digital painting, anime, cartoon, chibi, bright saturated colours, daylight, white background, gore, exposed organs in detail, modern clothing, modern objects | G8: 16:9 | H8: location-academy.png
A9: Market | B9: Location | C9: Les Halles | D9: Les Halles market at night: ice carts, fish stalls, an instrument maker’s stall with Leyden jars | E9: =D9&". "&Style!$B$2&" "&Style!$B$8 -> Les Halles market at night: ice carts, fish stalls, an instrument maker’s stall with Leyden jars. Dark hand-drawn coloured-pencil illustration on black-toned paper. Visible pencil strokes and cross-hatching, waxy layered colour, soft grain of the paper showing through. Gothic 1819 Paris, Mary Shelley mood. Low-key candlelit lighting: a single warm light source (candle, lantern or lamp) carving figures out of near-black shadow. Muted palette of soot black, bruised plum, oxblood red, tarnished brass and bone white, with one small accent of cold galvanic blue where electricity or life appears. Subtle vignette fading to black at the edges. Melancholic, unsettling, quietly beautiful rather than gory: wounds and death are suggested with restraint, never graphic. Hand-made imperfections, no digital gloss. Format: 16:9 landscape, wide establishing view of the place at night, small figures at most. | F9: =Style!$B$4 -> text, letters, words, captions, logos, watermark, signature, card frame, border, UI, photorealistic, 3D render, CGI, glossy, airbrushed, smooth digital painting, anime, cartoon, chibi, bright saturated colours, daylight, white background, gore, exposed organs in detail, modern clothing, modern objects | G9: 16:9 | H9: location-market.png
A10: Docks | B10: Location | C10: Port Saint-Nicolas | D10: Port Saint-Nicolas on the Seine at night: moored barges, crates, a lantern on a post, figures in the fog | E10: =D10&". "&Style!$B$2&" "&Style!$B$8 -> Port Saint-Nicolas on the Seine at night: moored barges, crates, a lantern on a post, figures in the fog. Dark hand-drawn coloured-pencil illustration on black-toned paper. Visible pencil strokes and cross-hatching, waxy layered colour, soft grain of the paper showing through. Gothic 1819 Paris, Mary Shelley mood. Low-key candlelit lighting: a single warm light source (candle, lantern or lamp) carving figures out of near-black shadow. Muted palette of soot black, bruised plum, oxblood red, tarnished brass and bone white, with one small accent of cold galvanic blue where electricity or life appears. Subtle vignette fading to black at the edges. Melancholic, unsettling, quietly beautiful rather than gory: wounds and death are suggested with restraint, never graphic. Hand-made imperfections, no digital gloss. Format: 16:9 landscape, wide establishing view of the place at night, small figures at most. | F10: =Style!$B$4 -> text, letters, words, captions, logos, watermark, signature, card frame, border, UI, photorealistic, 3D render, CGI, glossy, airbrushed, smooth digital painting, anime, cartoon, chibi, bright saturated colours, daylight, white background, gore, exposed organs in detail, modern clothing, modern objects | G10: 16:9 | H10: location-docks.png
A11: Dark Alley | B11: Location | C11: Faubourg Saint-Marcel | D11: A narrow alley in the Faubourg Saint-Marcel: a single wall lamp, a cloaked figure, a body in a doorway | E11: =D11&". "&Style!$B$2&" "&Style!$B$8 -> A narrow alley in the Faubourg Saint-Marcel: a single wall lamp, a cloaked figure, a body in a doorway. Dark hand-drawn coloured-pencil illustration on black-toned paper. Visible pencil strokes and cross-hatching, waxy layered colour, soft grain of the paper showing through. Gothic 1819 Paris, Mary Shelley mood. Low-key candlelit lighting: a single warm light source (candle, lantern or lamp) carving figures out of near-black shadow. Muted palette of soot black, bruised plum, oxblood red, tarnished brass and bone white, with one small accent of cold galvanic blue where electricity or life appears. Subtle vignette fading to black at the edges. Melancholic, unsettling, quietly beautiful rather than gory: wounds and death are suggested with restraint, never graphic. Hand-made imperfections, no digital gloss. Format: 16:9 landscape, wide establishing view of the place at night, small figures at most. | F11: =Style!$B$4 -> text, letters, words, captions, logos, watermark, signature, card frame, border, UI, photorealistic, 3D render, CGI, glossy, airbrushed, smooth digital painting, anime, cartoon, chibi, bright saturated colours, daylight, white background, gore, exposed organs in detail, modern clothing, modern objects | G11: 16:9 | H11: location-alley.png
A12: Saint-Roch | B12: Location | C12: Rue Saint-Honoré | D12: The church of Saint-Roch on the Rue Saint-Honoré at night, candles glowing through the open doors | E12: =D12&". "&Style!$B$2&" "&Style!$B$8 -> The church of Saint-Roch on the Rue Saint-Honoré at night, candles glowing through the open doors. Dark hand-drawn coloured-pencil illustration on black-toned paper. Visible pencil strokes and cross-hatching, waxy layered colour, soft grain of the paper showing through. Gothic 1819 Paris, Mary Shelley mood. Low-key candlelit lighting: a single warm light source (candle, lantern or lamp) carving figures out of near-black shadow. Muted palette of soot black, bruised plum, oxblood red, tarnished brass and bone white, with one small accent of cold galvanic blue where electricity or life appears. Subtle vignette fading to black at the edges. Melancholic, unsettling, quietly beautiful rather than gory: wounds and death are suggested with restraint, never graphic. Hand-made imperfections, no digital gloss. Format: 16:9 landscape, wide establishing view of the place at night, small figures at most. | F12: =Style!$B$4 -> text, letters, words, captions, logos, watermark, signature, card frame, border, UI, photorealistic, 3D render, CGI, glossy, airbrushed, smooth digital painting, anime, cartoon, chibi, bright saturated colours, daylight, white background, gore, exposed organs in detail, modern clothing, modern objects | G12: 16:9 | H12: location-church.png
A13: First Player | B13: Location | C13: Parvis Notre-Dame | D13: The square before Notre-Dame at night, the Creature’s hulking silhouette at the foot of the towers | E13: =D13&". "&Style!$B$2&" "&Style!$B$8 -> The square before Notre-Dame at night, the Creature’s hulking silhouette at the foot of the towers. Dark hand-drawn coloured-pencil illustration on black-toned paper. Visible pencil strokes and cross-hatching, waxy layered colour, soft grain of the paper showing through. Gothic 1819 Paris, Mary Shelley mood. Low-key candlelit lighting: a single warm light source (candle, lantern or lamp) carving figures out of near-black shadow. Muted palette of soot black, bruised plum, oxblood red, tarnished brass and bone white, with one small accent of cold galvanic blue where electricity or life appears. Subtle vignette fading to black at the edges. Melancholic, unsettling, quietly beautiful rather than gory: wounds and death are suggested with restraint, never graphic. Hand-made imperfections, no digital gloss. Format: 16:9 landscape, wide establishing view of the place at night, small figures at most. | F13: =Style!$B$4 -> text, letters, words, captions, logos, watermark, signature, card frame, border, UI, photorealistic, 3D render, CGI, glossy, airbrushed, smooth digital painting, anime, cartoon, chibi, bright saturated colours, daylight, white background, gore, exposed organs in detail, modern clothing, modern objects | G13: 16:9 | H13: location-first.png
A14: Théâtre de l’Odéon | B14: Location | C14: Rive gauche | D14: The Théâtre de l’Odéon lit for opening night, columns, carriages and an elegant crowd | E14: =D14&". "&Style!$B$2&" "&Style!$B$8 -> The Théâtre de l’Odéon lit for opening night, columns, carriages and an elegant crowd. Dark hand-drawn coloured-pencil illustration on black-toned paper. Visible pencil strokes and cross-hatching, waxy layered colour, soft grain of the paper showing through. Gothic 1819 Paris, Mary Shelley mood. Low-key candlelit lighting: a single warm light source (candle, lantern or lamp) carving figures out of near-black shadow. Muted palette of soot black, bruised plum, oxblood red, tarnished brass and bone white, with one small accent of cold galvanic blue where electricity or life appears. Subtle vignette fading to black at the edges. Melancholic, unsettling, quietly beautiful rather than gory: wounds and death are suggested with restraint, never graphic. Hand-made imperfections, no digital gloss. Format: 16:9 landscape, wide establishing view of the place at night, small figures at most. | F14: =Style!$B$4 -> text, letters, words, captions, logos, watermark, signature, card frame, border, UI, photorealistic, 3D render, CGI, glossy, airbrushed, smooth digital painting, anime, cartoon, chibi, bright saturated colours, daylight, white background, gore, exposed organs in detail, modern clothing, modern objects | G14: 16:9 | H14: location-odeon.png
A15: Practice | B15: Lab space | D15: An anatomy book open beside a skull and calipers on a laboratory bench | E15: =D15&". "&Style!$B$2&" "&Style!$B$8 -> An anatomy book open beside a skull and calipers on a laboratory bench. Dark hand-drawn coloured-pencil illustration on black-toned paper. Visible pencil strokes and cross-hatching, waxy layered colour, soft grain of the paper showing through. Gothic 1819 Paris, Mary Shelley mood. Low-key candlelit lighting: a single warm light source (candle, lantern or lamp) carving figures out of near-black shadow. Muted palette of soot black, bruised plum, oxblood red, tarnished brass and bone white, with one small accent of cold galvanic blue where electricity or life appears. Subtle vignette fading to black at the edges. Melancholic, unsettling, quietly beautiful rather than gory: wounds and death are suggested with restraint, never graphic. Hand-made imperfections, no digital gloss. Format: 16:9 landscape, wide establishing view of the place at night, small figures at most. | F15: =Style!$B$4 -> text, letters, words, captions, logos, watermark, signature, card frame, border, UI, photorealistic, 3D render, CGI, glossy, airbrushed, smooth digital painting, anime, cartoon, chibi, bright saturated colours, daylight, white background, gore, exposed organs in detail, modern clothing, modern objects | G15: 16:9 | H15: lab-practice.png
